{"async_mode": {"depth": 2, "enabled": false}, "cold_ttft_seconds": 0.011541178449988365, "framework": "auto-infer", "full_request_seconds": {"coefficient_of_variation": 0.017036499214282325, "count": 20, "mean": 0.7769105878658593, "median": 0.7775942352600396, "samples": [0.778847336769104, 0.7662916760891676, 0.7637856639921665, 0.7895117830485106, 0.7818217538297176, 0.7896505650132895, 0.7979203704744577, 0.7897866973653436, 0.7900787303224206, 0.7859278274700046, 0.7878303620964289, 0.7763411337509751, 0.7663658168166876, 0.7689847210422158, 0.7545271767303348, 0.7624355470761657, 0.749961607158184, 0.7868564585223794, 0.7753690611571074, 0.7759174685925245], "stdev": 0.013235836619744331}, "kv_capacity": {"physical_blocks": 1160, "runtime_block_size": 16, "scratch_blocks": 256, "usable_blocks": 904, "usable_tokens": 14464}, "load_seconds": 8.517087893560529, "manifest": {"async_batches": 2, "async_scheduling": false, "dtype": "bfloat16", "kv_block_size": 16, "kv_cache_memory_bytes": 1658847232, "max_model_len": 2048, "measured_runs": 20, "model": "/data1/models/Qwen3-0.6B", "output_tokens": 128, "prompt": "Explain how a transformer decodes text.", "seed": 0, "temperature": 0.0, "throughput_batch": 16, "usable_kv_tokens": 14464, "warmup_runs": 1}, "output_digest": "d23029216ed08f2c", "output_length": 128, "path_counters": {"captured_gears": [1, 16], "captured_greedy_steps": 5157, "captured_prefill_gears": [1, 2, 4, 8, 16, 24, 32, 40, 48, 56, 64, 72, 80, 88, 96, 104, 112, 120, 128, 136, 144, 152, 160, 168, 176, 184, 192, 200, 208, 216, 224, 232, 240, 248, 256], "copied_block_elements": 439296, "copied_block_rows": 3432, "decode_copied_block_elements": 393472, "decode_copied_block_rows": 3074, "eager_steps": 0, "external_sampler_steps": 0, "graph_steps": 5094, "prefill_copied_block_elements": 45824, "prefill_copied_block_rows": 358, "prefill_graph_capture_attempts": 35, "prefill_graph_capture_failures": 0, "prefill_graph_fallbacks": 0, "prefill_graph_online_captures": 0, "prefill_graph_steps": 63}, "peak_allocated_gib": 5.238911151885986, "phase_samples": {"cold_ttft_seconds": [0.011541178449988365], "full_request_seconds": [0.778847336769104, 0.7662916760891676, 0.7637856639921665, 0.7895117830485106, 0.7818217538297176, 0.7896505650132895, 0.7979203704744577, 0.7897866973653436, 0.7900787303224206, 0.7859278274700046, 0.7878303620964289, 0.7763411337509751, 0.7663658168166876, 0.7689847210422158, 0.7545271767303348, 0.7624355470761657, 0.749961607158184, 0.7868564585223794, 0.7753690611571074, 0.7759174685925245], "throughput_request_seconds": [0.9541681706905365, 0.9175581810995936, 0.918185499496758, 0.9152689231559634, 0.911997520364821, 0.9134261589497328, 0.9238372715190053, 0.9190361211076379, 0.920220036059618, 0.9195685470476747, 0.9203045470640063, 0.9206864014267921, 0.9150328692048788, 0.9135682405903935, 0.9115477539598942, 0.9167934916913509, 0.9218402858823538, 0.9236867995932698, 0.9224112136289477, 0.9152925536036491], "throughput_tokens_per_second": [2146.3721625904286, 2232.0110508367925, 2230.4861066989997, 2237.593725938204, 2245.6201407003286, 2242.1078922841584, 2216.8406310698065, 2228.421661524811, 2225.5546714343836, 2227.1314156788167, 2225.3503001083873, 2224.427336850207, 2238.1709651366045, 2241.7591910555907, 2246.728151216647, 2233.872751672503, 2221.642980204239, 2217.201762439176, 2220.267891088145, 2237.535957150209], "ttft_seconds": [0.006305930204689503, 0.00661909393966198, 0.00648319348692894, 0.006643705070018768, 0.0062226802110672, 0.006264589726924896, 0.006216629408299923, 0.0067071253433823586, 0.008513188920915127, 0.006660914979875088, 0.006485193036496639, 0.006600073538720608, 0.006639034487307072, 0.006499713286757469, 0.006119508296251297, 0.006312900222837925, 0.006324920803308487, 0.00785039085894823, 0.006637925282120705, 0.006725246086716652]}, "stability": {"request_elapsed_seconds": {"coefficient_of_variation": 0.009705680071356752, "count": 20, "mean": 0.9197215293068439, "median": 0.9186108103021979, "samples": [0.9541681706905365, 0.9175581810995936, 0.918185499496758, 0.9152689231559634, 0.911997520364821, 0.9134261589497328, 0.9238372715190053, 0.9190361211076379, 0.920220036059618, 0.9195685470476747, 0.9203045470640063, 0.9206864014267921, 0.9150328692048788, 0.9135682405903935, 0.9115477539598942, 0.9167934916913509, 0.9218402858823538, 0.9236867995932698, 0.9224112136289477, 0.9152925536036491], "stdev": 0.008926522918191189}, "throughput_cv": 0.009442865382937994}, "throughput_tokens_per_second": {"coefficient_of_variation": 0.009442865382937994, "count": 20, "mean": 2226.9548372839217, "median": 2229.4538841119056, "samples": [2146.3721625904286, 2232.0110508367925, 2230.4861066989997, 2237.593725938204, 2245.6201407003286, 2242.1078922841584, 2216.8406310698065, 2228.421661524811, 2225.5546714343836, 2227.1314156788167, 2225.3503001083873, 2224.427336850207, 2238.1709651366045, 2241.7591910555907, 2246.728151216647, 2233.872751672503, 2221.642980204239, 2217.201762439176, 2220.267891088145, 2237.535957150209], "stdev": 21.028834742354658}, "tpot_seconds": 0.0060712152901362245, "ttft_seconds": {"coefficient_of_variation": 0.08558842284850877, "count": 20, "mean": 0.006641597859561444, "median": 0.0065498934127390385, "samples": [0.006305930204689503, 0.00661909393966198, 0.00648319348692894, 0.006643705070018768, 0.0062226802110672, 0.006264589726924896, 0.006216629408299923, 0.0067071253433823586, 0.008513188920915127, 0.006660914979875088, 0.006485193036496639, 0.006600073538720608, 0.006639034487307072, 0.006499713286757469, 0.006119508296251297, 0.006312900222837925, 0.006324920803308487, 0.00785039085894823, 0.006637925282120705, 0.006725246086716652], "stdev": 0.0005684438859938956}}
