{"async_mode": {"depth": 2, "enabled": true}, "cold_ttft_seconds": 0.7660074234008789, "framework": "auto-infer", "full_request_seconds": {"coefficient_of_variation": 0.07844639838416495, "count": 20, "mean": 0.6550168943125755, "median": 0.645655183121562, "samples": [0.6687668394297361, 0.6055930918082595, 0.6308679431676865, 0.6521118357777596, 0.5815641228109598, 0.607900439761579, 0.6209956565871835, 0.644749372266233, 0.6296810982748866, 0.6244630813598633, 0.703420371748507, 0.674661205150187, 0.6616872474551201, 0.6013051457703114, 0.6191333634778857, 0.646560993976891, 0.7478416915982962, 0.7369017414748669, 0.6689871307462454, 0.7731455136090517], "stdev": 0.051383716239602764}, "kv_capacity": {"physical_blocks": 1160, "runtime_block_size": 16, "scratch_blocks": 256, "usable_blocks": 904, "usable_tokens": 14464}, "load_seconds": 3.2151575181633234, "manifest": {"async_batches": 2, "async_scheduling": true, "dtype": "bfloat16", "kv_block_size": 16, "kv_cache_memory_bytes": 1658847232, "max_model_len": 2048, "measured_runs": 20, "model": "/data1/models/Qwen3-0.6B", "output_tokens": 128, "prompt": "Explain how a transformer decodes text.", "seed": 0, "temperature": 0.0, "throughput_batch": 16, "usable_kv_tokens": 14464, "warmup_runs": 1}, "output_digest": "d23029216ed08f2c", "output_length": 128, "path_counters": {"captured_gears": [1, 16], "captured_greedy_steps": 5094, "captured_prefill_gears": [], "copied_block_elements": 786944, "copied_block_rows": 6148, "decode_copied_block_elements": 786944, "decode_copied_block_rows": 6148, "eager_steps": 63, "external_sampler_steps": 0, "graph_steps": 5094, "prefill_copied_block_elements": 0, "prefill_copied_block_rows": 0, "prefill_graph_capture_attempts": 0, "prefill_graph_capture_failures": 0, "prefill_graph_fallbacks": 0, "prefill_graph_online_captures": 0, "prefill_graph_steps": 0}, "peak_allocated_gib": 3.145752429962158, "phase_samples": {"cold_ttft_seconds": [0.7660074234008789], "full_request_seconds": [0.6687668394297361, 0.6055930918082595, 0.6308679431676865, 0.6521118357777596, 0.5815641228109598, 0.607900439761579, 0.6209956565871835, 0.644749372266233, 0.6296810982748866, 0.6244630813598633, 0.703420371748507, 0.674661205150187, 0.6616872474551201, 0.6013051457703114, 0.6191333634778857, 0.646560993976891, 0.7478416915982962, 0.7369017414748669, 0.6689871307462454, 0.7731455136090517], "throughput_request_seconds": [0.7684560148045421, 0.7616755478084087, 0.762360886670649, 0.7732698665931821, 0.8244971623644233, 0.7601727889850736, 0.7619538009166718, 0.7676912248134613, 0.76949517801404, 0.7764140358194709, 0.7899375790730119, 0.7912688255310059, 0.7797311693429947, 0.8290147697553039, 0.7603529207408428, 0.8136981735005975, 0.8591583464294672, 0.8293928038328886, 0.8177358349785209, 0.915718019939959], "throughput_tokens_per_second": [2665.084221535974, 2688.8089106874577, 2686.391754624166, 2648.493221419495, 2483.9382031672717, 2694.1243223587862, 2687.827001500806, 2667.739233957815, 2661.485163929946, 2637.767873217833, 2592.609915334473, 2588.2480566899944, 2626.5462771299176, 2470.40230731293, 2693.486069606401, 2516.903769353854, 2383.728224850727, 2469.2763073606848, 2504.4762775423605, 2236.4963399259973], "ttft_seconds": [0.038803717121481895, 0.03749640006572008, 0.038271249271929264, 0.03805704694241285, 0.03875461593270302, 0.04155417252331972, 0.03872013557702303, 0.03941108379513025, 0.038246579468250275, 0.039409964345395565, 0.045216809026896954, 0.039292952977120876, 0.040072993375360966, 0.042530774138867855, 0.03974409960210323, 0.03925727214664221, 0.03860648348927498, 0.03815663978457451, 0.044807673431932926, 0.03842527139931917]}, "stability": {"request_elapsed_seconds": {"coefficient_of_variation": 0.051284240725770244, "count": 20, "mean": 0.7955997474957257, "median": 0.7780726025812328, "samples": [0.7684560148045421, 0.7616755478084087, 0.762360886670649, 0.7732698665931821, 0.8244971623644233, 0.7601727889850736, 0.7619538009166718, 0.7676912248134613, 0.76949517801404, 0.7764140358194709, 0.7899375790730119, 0.7912688255310059, 0.7797311693429947, 0.8290147697553039, 0.7603529207408428, 0.8136981735005975, 0.8591583464294672, 0.8293928038328886, 0.8177358349785209, 0.915718019939959], "stdev": 0.04080172897193282}, "throughput_cv": 0.048078587244693535}, "throughput_tokens_per_second": {"coefficient_of_variation": 0.048078587244693535, "count": 20, "mean": 2580.1916725753445, "median": 2632.1570751738755, "samples": [2665.084221535974, 2688.8089106874577, 2686.391754624166, 2648.493221419495, 2483.9382031672717, 2694.1243223587862, 2687.827001500806, 2667.739233957815, 2661.485163929946, 2637.767873217833, 2592.609915334473, 2588.2480566899944, 2626.5462771299176, 2470.40230731293, 2693.486069606401, 2516.903769353854, 2383.728224850727, 2469.2763073606848, 2504.4762775423605, 2236.4963399259973], "stdev": 124.05197043794544}, "tpot_seconds": 0.004776572350295275, "ttft_seconds": {"coefficient_of_variation": 0.05420734940464472, "count": 20, "mean": 0.03974179672077298, "median": 0.03903049463406205, "samples": [0.038803717121481895, 0.03749640006572008, 0.038271249271929264, 0.03805704694241285, 0.03875461593270302, 0.04155417252331972, 0.03872013557702303, 0.03941108379513025, 0.038246579468250275, 0.039409964345395565, 0.045216809026896954, 0.039292952977120876, 0.040072993375360966, 0.042530774138867855, 0.03974409960210323, 0.03925727214664221, 0.03860648348927498, 0.03815663978457451, 0.044807673431932926, 0.03842527139931917], "stdev": 0.002154297460811305}}
