{
  "client_cpu_seconds": 0.6503561,
  "client_peak_rss_bytes": 39616512,
  "completed": 8,
  "error_rate": 0.0,
  "failed": 0,
  "framework": "vllm-ascend",
  "git_commit": "vllm-ascend-0.20.2rc1",
  "latency": {
    "e2e": {
      "p50": 3.144433564506471,
      "p95": 3.1660840283613654,
      "p99": 3.170816010152921
    },
    "itl": {
      "p50": 0.048563274554908276,
      "p95": 0.05024088188074529,
      "p99": 0.051463430551812045
    },
    "ttft": {
      "p50": 0.06380686303600669,
      "p95": 0.06608078652061522,
      "p99": 0.06627722610719503
    }
  },
  "model": "Qwen2.5-72B-Instruct",
  "output_throughput_tokens_per_second": 20.373951889273798,
  "rejected": 0,
  "rejection_rate": 0.0,
  "request_throughput_per_second": 0.3183429982699031,
  "run_id": "5147b9360d1540339a8153a9a7ef31f9",
  "samples": {
    "e2e_seconds": [
      3.1164813581854105,
      3.137554446235299,
      3.1550990706309676,
      3.151312682777643,
      3.17199900560081,
      3.1095069386065006,
      3.1519544003531337,
      3.135422590188682
    ],
    "itl_seconds": [
      0.048873553052544594,
      0.04854376893490553,
      0.04841701686382294,
      0.04807577282190323,
      0.04827471636235714,
      0.048024862073361874,
      0.04805124178528786,
      0.04830797575414181,
      0.0483338562771678,
      0.0492445882409811,
      0.05044170282781124,
      0.04850024823099375,
      0.05146656557917595,
      0.04779397044330835,
      0.047549755312502384,
      0.047450534999370575,
      0.04762954730540514,
      0.047363824211061,
      0.04776725918054581,
      0.047221651300787926,
      0.04741114471107721,
      0.04717525094747543,
      0.05067422520369291,
      0.04883990343660116,
      0.04821763467043638,
      0.04811690375208855,
      0.04868300072848797,
      0.04851469770073891,
      0.048533469438552856,
      0.048664189875125885,
      0.04859988950192928,
      0.04828129522502422,
      0.04816830437630415,
      0.049788424745202065,
      0.04728010296821594,
      0.04797267075628042,
      0.04830260667949915,
      0.048107342794537544,
      0.048107342794537544,
      0.04835464712232351,
      0.04826126527041197,
      0.048141103237867355,
      0.0484963683411479,
      0.048484908416867256,
      0.0496390126645565,
      0.048136962577700615,
      0.048711701296269894,
      0.048177445307374,
      0.04818996414542198,
      0.048241694457829,
      0.04805825185030699,
      0.04809242393821478,
      0.048615169711411,
      0.04749581590294838,
      0.048050371930003166,
      0.0479483911767602,
      0.04968825355172157,
      0.04771857801824808,
      0.04847277794033289,
      0.048500088043510914,
      0.04848723765462637,
      0.04844989813864231,
      0.05332204047590494,
      0.04821927472949028,
      0.048477018252015114,
      0.04994338657706976,
      0.049042475409805775,
      0.04870924074202776,
      0.049286128021776676,
      0.04823649488389492,
      0.04843513760715723,
      0.04864641930907965,
      0.048545319586992264,
      0.04820427484810352,
      0.04933845903724432,
      0.04838924668729305,
      0.050080458633601665,
      0.04918202664703131,
      0.04896513372659683,
      0.04777230881154537,
      0.04851138964295387,
      0.04885252192616463,
      0.04842185787856579,
      0.04835751559585333,
      0.04883074201643467,
      0.04856162052601576,
      0.04896764364093542,
      0.05006021820008755,
      0.04905845504254103,
      0.0485588489100337,
      0.049001715146005154,
      0.049055724404752254,
      0.04954080283641815,
      0.04805024154484272,
      0.04856492858380079,
      0.048461888916790485,
      0.04899989441037178,
      0.048610989935696125,
      0.04972805455327034,
      0.048939972184598446,
      0.04854967910796404,
      0.0485435388982296,
      0.048493798822164536,
      0.04862057976424694,
      0.04865624010562897,
      0.049604822881519794,
      0.04755446594208479,
      0.048572088591754436,
      0.04850356839597225,
      0.04975539539009333,
      0.04921567626297474,
      0.04836456757038832,
      0.048584578558802605,
      0.048647710122168064,
      0.048706660978496075,
      0.048194133676588535,
      0.04855466913431883,
      0.04828605614602566,
      0.04812111333012581,
      0.04839592706412077,
      0.049400399439036846,
      0.048546639271080494,
      0.04915992729365826,
      0.04810440260916948,
      0.04836095590144396,
      0.049305109307169914,
      0.048415787518024445,
      0.04883450269699097,
      0.04902615491300821,
      0.04838527645915747,
      0.04882168211042881,
      0.048607850447297096,
      0.04894632380455732,
      0.04767995793372393,
      0.04841448739171028,
      0.04833379574120045,
      0.04839272703975439,
      0.048428766429424286,
      0.04892153479158878,
      0.048937263898551464,
      0.04873614106327295,
      0.04980987496674061,
      0.0486379899084568,
      0.048728800378739834,
      0.04855483956634998,
      0.04826418496668339,
      0.048861333169043064,
      0.048069972544908524,
      0.048612420447170734,
      0.04859511833637953,
      0.04883403331041336,
      0.04899411369115114,
      0.05221924651414156,
      0.05114274192601442,
      0.0488923629745841,
      0.048774851486086845,
      0.0487893121317029,
      0.048850903287529945,
      0.04888553265482187,
      0.04894307442009449,
      0.049112895503640175,
      0.0490416856482625,
      0.049044154584407806,
      0.05250339023768902,
      0.04976963438093662,
      0.049374629743397236,
      0.04917227569967508,
      0.049142307601869106,
      0.04899103380739689,
      0.04971838369965553,
      0.04869159124791622,
      0.04869628045707941,
      0.048683200031518936,
      0.04904171545058489,
      0.050673605874180794,
      0.04900838527828455,
      0.05025834031403065,
      0.04778984934091568,
      0.048892383463680744,
      0.0489431032910943,
      0.04882858321070671,
      0.04874055087566376,
      0.04912077635526657,
      0.04883745312690735,
      0.04885340295732021,
      0.05090068746358156,
      0.04975700564682484,
      0.04875468090176582,
      0.0489736245945096,
      0.04870748147368431,
      0.04874054063111544,
      0.049365038983523846,
      0.048437547869980335,
      0.04883853252977133,
      0.049451811239123344,
      0.04847887810319662,
      0.048988823778927326,
      0.049080525524914265,
      0.0486573101952672,
      0.04873682092875242,
      0.04892180394381285,
      0.049080535769462585,
      0.049128116108477116,
      0.04948112089186907,
      0.049058035016059875,
      0.048378647305071354,
      0.048804392106831074,
      0.04870801139622927,
      0.04890619218349457,
      0.0489790253341198,
      0.0502740815281868,
      0.049199446104466915,
      0.0490042744204402,
      0.04899694491177797,
      0.04890949372202158,
      0.04917157627642155,
      0.04868476092815399,
      0.04919086676090956,
      0.049155037850141525,
      0.04888284299522638,
      0.048808381892740726,
      0.04904025513678789,
      0.049052465707063675,
      0.050392172299325466,
      0.0498643359169364,
      0.050140658393502235,
      0.05024506989866495,
      0.050524854101240635,
      0.04844835866242647,
      0.048810421489179134,
      0.04896302428096533,
      0.04892428405582905,
      0.04838200658559799,
      0.048647389747202396,
      0.04842689726501703,
      0.04869503155350685,
      0.050490083172917366,
      0.04963802266865969,
      0.048926874063909054,
      0.04867822024971247,
      0.048986274749040604,
      0.0488880630582571,
      0.04872272163629532,
      0.04861054942011833,
      0.04866353049874306,
      0.04875782132148743,
      0.0485233087092638,
      0.048133162781596184,
      0.048535238951444626,
      0.04945140052586794,
      0.04822166450321674,
      0.04837661702185869,
      0.048361556604504585,
      0.04832269623875618,
