{
  "client_cpu_seconds": 0.6497122100000001,
  "client_peak_rss_bytes": 39616512,
  "completed": 8,
  "error_rate": 0.0,
  "failed": 0,
  "framework": "vllm-ascend",
  "git_commit": "vllm-ascend-0.20.2rc1",
  "latency": {
    "e2e": {
      "p50": 3.127267167903483,
      "p95": 3.185099938325584,
      "p99": 3.1874289969727396
    },
    "itl": {
      "p50": 0.048599000088870525,
      "p95": 0.04994460195302963,
      "p99": 0.05073525598272681
    },
    "ttft": {
      "p50": 0.06306028831750154,
      "p95": 0.0644278759136796,
      "p99": 0.06448239255696535
    }
  },
  "model": "Qwen2.5-72B-Instruct",
  "output_throughput_tokens_per_second": 20.405896928569152,
  "rejected": 0,
  "rejection_rate": 0.0,
  "request_throughput_per_second": 0.318842139508893,
  "run_id": "441ce011015d403e8e46fd1fe2ab9edb",
  "samples": {
    "e2e_seconds": [
      3.1162850968539715,
      3.117706804536283,
      3.1245621433481574,
      3.1880112616345286,
      3.1796931950375438,
      3.1018343828618526,
      3.1299721924588084,
      3.1320762895047665
    ],
    "itl_seconds": [
      0.048667081631720066,
      0.04852363746613264,
      0.048306696116924286,
      0.04834109637886286,
      0.04833181668072939,
      0.04814773332327604,
      0.04822468478232622,
      0.04857835918664932,
      0.04810186382383108,
      0.04806014243513346,
      0.04907848592847586,
      0.04840949643403292,
      0.04781825002282858,
      0.047993771731853485,
      0.04946745000779629,
      0.04966388363391161,
      0.04841214697808027,
      0.04859558027237654,
      0.04851826839148998,
      0.04883112199604511,
      0.048396967351436615,
      0.04840479698032141,
      0.04844685737043619,
      0.04838925786316395,
      0.0484692370519042,
      0.04840509779751301,
      0.048189363442361355,
      0.0482987966388464,
      0.04845703672617674,
      0.048641339875757694,
      0.04817702528089285,
      0.048755650408566,
      0.04846032802015543,
      0.04837450757622719,
      0.04856665898114443,
      0.04848090745508671,
      0.04843989759683609,
      0.048571810126304626,
      0.048387995921075344,
      0.04854460898786783,
      0.0483913766220212,
      0.048436498269438744,
      0.04844765644520521,
      0.04845485836267471,
      0.04838821664452553,
      0.04828975535929203,
      0.048324636183679104,
      0.048911954276263714,
      0.04842573683708906,
      0.04828418605029583,
      0.048472337424755096,
      0.04827193543314934,
      0.04831141605973244,
      0.04830220527946949,
      0.04848964884877205,
      0.04842368699610233,
      0.04833170585334301,
      0.0484582781791687,
      0.04837406612932682,
      0.04831349663436413,
      0.048404146917164326,
      0.04835910629481077,
      0.04898413456976414,
      0.0483145359903574,
      0.048124353401362896,
      0.048189423978328705,
      0.04832191672176123,
      0.04827091470360756,
      0.04837793670594692,
      0.04848339781165123,
      0.04832117632031441,
      0.048401546664536,
      0.04895331431180239,
      0.04797873180359602,
      0.04840347729623318,
      0.048521668650209904,
      0.04857430886477232,
      0.048608350567519665,
      0.04922548681497574,
      0.04855311941355467,
      0.04839564673602581,
      0.04852426890283823,
      0.048467006534338,
      0.04841820802539587,
      0.048535038717091084,
      0.04862920939922333,
      0.04883497301489115,
      0.0482677249237895,
      0.048670681193470955,
      0.048068342730402946,
      0.04814460314810276,
      0.048203195445239544,
      0.048099152743816376,
      0.048995545133948326,
      0.04907900467514992,
      0.04858282022178173,
      0.04830561485141516,
      0.04859798029065132,
      0.048356455750763416,
      0.04836470726877451,
      0.049215856939554214,
      0.04806050285696983,
      0.04797692224383354,
      0.048391097225248814,
      0.04832965601235628,
      0.04831172525882721,
      0.04815714433789253,
      0.04825623519718647,
      0.048379166051745415,
      0.04824514500796795,
      0.04998732823878527,
      0.04937763884663582,
      0.048771271482110023,
      0.0488197123631835,
      0.04908114578574896,
      0.048629630357027054,
      0.04826343432068825,
      0.048315996304154396,
      0.048469738103449345,
      0.048217205330729485,
      0.04812396224588156,
      0.04799661226570606,
      0.047908591106534004,
      0.048537539318203926,
      0.048423636704683304,
      0.04901172500103712,
      0.04808890447020531,
      0.04801357164978981,
      0.04812669288367033,
      0.04806632362306118,
      0.04821476433426142,
      0.048168644309043884,
      0.04806975182145834,
      0.048676321282982826,
      0.048408777453005314,
      0.04851945862174034,
      0.048549008555710316,
      0.04867340996861458,
      0.04865825083106756,
      0.048506468534469604,
      0.048915502615273,
      0.048425338231027126,
      0.04857139941304922,
      0.04926925804466009,
      0.0482864947989583,
      0.04892828408628702,
      0.048375886864960194,
      0.04839231725782156,
      0.048332865349948406,
      0.04814870469272137,
      0.04807019233703613,
      0.04839345719665289,
      0.048224044032394886,
      0.04829677566885948,
      0.04860708024352789,
      0.04824433475732803,
      0.048376976512372494,
      0.04851291887462139,
      0.04875614121556282,
      0.0485803596675396,
      0.048621940426528454,
      0.04877713043242693,
      0.04896250553429127,
      0.04886816255748272,
      0.049145775847136974,
      0.04890183452516794,
      0.04872211068868637,
      0.048354935832321644,
      0.04869402106851339,
      0.04865827038884163,
      0.04859638027846813,
      0.04849734716117382,
      0.04846379812806845,
      0.04954955168068409,
      0.04858437925577164,
      0.048487148247659206,
      0.048205574974417686,
      0.048137263394892216,
      0.04843105748295784,
      0.04842538759112358,
      0.04824459459632635,
      0.04842302668839693,
      0.04881350323557854,
      0.04824245534837246,
      0.048449376598000526,
      0.04937095008790493,
      0.049725824035704136,
      0.04976194445043802,
      0.05054635368287563,
      0.04947785101830959,
      0.05088147800415754,
      0.049799575470387936,
      0.050282180309295654,
      0.049530042335391045,
      0.04975723382085562,
      0.050082349218428135,
      0.049948446452617645,
      0.049743613228201866,
      0.05004006810486317,
      0.04965231288224459,
      0.049759224988520145,
      0.0498312758281827,
      0.04953739047050476,
      0.04945650137960911,
      0.04973130393773317,
      0.0491905165836215,
      0.04970060382038355,
      0.05011484958231449,
      0.05000350717455149,
      0.051295263692736626,
      0.04997176676988602,
      0.04997042752802372,
      0.05001778807491064,
      0.04915127530694008,
      0.049245407804846764,
      0.04927219823002815,
      0.04910516645759344,
      0.04915229696780443,
      0.04907993506640196,
      0.04928201902657747,
      0.049165536649525166,
      0.049131075851619244,
      0.04902995564043522,
      0.049179176799952984,
      0.04913431592285633,
      0.04898246470838785,
      0.04932505823671818,
      0.04899586457759142,
      0.05073574744164944,
      0.049826434813439846,
      0.04917273670434952,
      0.04970424436032772,
      0.04972702357918024,
      0.05005111824721098,
      0.049687303602695465,
      0.0493044788017869,
      0.049311477690935135,
      0.049169747158885,
      0.04894710425287485,
      0.04912499524652958,
      0.04902918543666601,
      0.049453141167759895,
      0.049517231062054634,
      0.04930226877331734,
      0.04891388304531574,
      0.049272107891738415,
      0.04915253724902868,
      0.05059610493481159,
      0.0499007860198617,
      0.04933510906994343,
      0.049367958679795265,
      0.04976864531636238,
      0.04900110512971878,
