{
  "client_cpu_seconds": 0.7134646,
  "client_peak_rss_bytes": 39612416,
  "completed": 8,
  "error_rate": 0.0,
  "failed": 0,
  "framework": "vllm-ascend",
  "git_commit": "vllm-ascend-0.20.2rc1",
  "latency": {
    "e2e": {
      "p50": 3.200410472229123,
      "p95": 3.2406214251182974,
      "p99": 3.2487131558172404
    },
    "itl": {
      "p50": 0.04949001036584377,
      "p95": 0.051739342883229254,
      "p99": 0.05367353449575603
    },
    "ttft": {
      "p50": 0.06651235790923238,
      "p95": 0.06856653201393784,
      "p99": 0.06867487973533572
    }
  },
  "model": "Qwen2.5-72B-Instruct",
  "output_throughput_tokens_per_second": 19.97229548137434,
  "rejected": 0,
  "rejection_rate": 0.0,
  "request_throughput_per_second": 0.31206711689647404,
  "run_id": "433b3de6e5014f6db488f7a3007b77de",
  "samples": {
    "e2e_seconds": [
      3.221837050281465,
      3.2507360884919763,
      3.1913390811532736,
      3.191152259707451,
      3.1798160932958126,
      3.211171464063227,
      3.2094818633049726,
      3.1791328946128488
    ],
    "itl_seconds": [
      0.04906879551708698,
      0.049131046049296856,
      0.04999427776783705,
      0.04975059349089861,
      0.04867599066346884,
      0.048789091408252716,
      0.05199928302317858,
      0.05122486315667629,
      0.0494941808283329,
      0.04842175729572773,
      0.04948278050869703,
      0.048557059839367867,
      0.05004194751381874,
      0.05000701732933521,
      0.054102280177176,
      0.05066791549324989,
      0.05086188763380051,
      0.051318924874067307,
      0.05018236953765154,
      0.05007500760257244,
      0.050007098354399204,
      0.05200533289462328,
      0.05058675538748503,
      0.04952109046280384,
      0.04913253616541624,
      0.048773372545838356,
      0.049285467714071274,
      0.04877178184688091,
      0.04885692335665226,
      0.04880062211304903,
      0.05041240155696869,
      0.049219087697565556,
      0.04870298132300377,
      0.049249506555497646,
      0.053103587590157986,
      0.051131801679730415,
      0.05364540405571461,
      0.05144168622791767,
      0.049748023971915245,
      0.049338849261403084,
      0.05003254767507315,
      0.049499111250042915,
      0.04932538792490959,
      0.04938733950257301,
      0.05206264462321997,
      0.0503598814830184,
      0.0501628490164876,
      0.05030690133571625,
      0.05081501789391041,
      0.04991405550390482,
      0.04993051756173372,
      0.04979470372200012,
      0.050819678232073784,
      0.05009783897548914,
      0.049612642265856266,
      0.04968649335205555,
      0.05064856540411711,
      0.049689823761582375,
      0.049591122195124626,
      0.049448889680206776,
      0.050611414946615696,
      0.049601913429796696,
      0.049703292548656464,
      0.04940450005233288,
      0.049450539983808994,
      0.048902884125709534,
      0.048873502761125565,
      0.05006911791861057,
      0.049415609799325466,
      0.049303517676889896,
      0.04934520926326513,
      0.05035337246954441,
      0.04969009384512901,
      0.04955465067178011,
      0.05002827849239111,
      0.051532247103750706,
      0.050907968543469906,
      0.04988604597747326,
      0.05072052590548992,
      0.051007150672376156,
      0.0506711658090353,
      0.050008878111839294,
      0.05035372171550989,
      0.051725818775594234,
      0.05058959499001503,
      0.05022975988686085,
      0.05078206863254309,
      0.05249940883368254,
      0.0523561667650938,
      0.05290617514401674,
      0.052494228817522526,
      0.05389787722378969,
      0.050573164597153664,
      0.05022224970161915,
      0.05070956610143185,
      0.055466596968472004,
      0.05079273879528046,
      0.05036344192922115,
      0.04949742089956999,
      0.05019025877118111,
      0.049947536550462246,
      0.050755107775330544,
      0.05037316121160984,
      0.049810475669801235,
      0.050853568129241467,
      0.05367440450936556,
      0.052184334956109524,
      0.05019357055425644,
      0.04918303620070219,
      0.05071708653122187,
      0.05209057405591011,
      0.049708844162523746,
      0.050266850739717484,
      0.049090814776718616,
      0.048968805000185966,
      0.050666945055127144,
      0.05000375770032406,
      0.049391900189220905,
      0.049284898675978184,
      0.05121032241731882,
      0.04898738395422697,
      0.04922509752213955,
      0.04957716166973114,
      0.049163167364895344,
      0.05099834967404604,
      0.051431446336209774,
      0.04955738224089146,
      0.05146772600710392,
      0.05103162955492735,
      0.04987557604908943,
      0.049799385480582714,
      0.049856274388730526,
      0.04989740625023842,
      0.050711747258901596,
      0.04955821204930544,
      0.049689752981066704,
      0.049731314182281494,
      0.04960038140416145,
      0.04938345029950142,
      0.050501683726906776,
      0.04964795242995024,
      0.04875958152115345,
      0.04913496598601341,
      0.04907458648085594,
      0.04885924234986305,
      0.050299061462283134,
      0.04902005475014448,
      0.04890287294983864,
      0.04895056411623955,
      0.04887280333787203,
      0.04904860444366932,
      0.050064148381352425,
      0.048946743831038475,
      0.04888226371258497,
      0.04858524911105633,
      0.049360739067196846,
      0.04840623680502176,
      0.05055661499500275,
      0.04886676371097565,
      0.0490518044680357,
      0.04857870936393738,
      0.049294907599687576,
      0.04887811467051506,
      0.05067374464124441,
      0.049266948364675045,
      0.049138106405735016,
      0.049086736515164375,
      0.048825131729245186,
      0.048653369769454,
      0.05006452836096287,
      0.04886656254529953,
      0.048805142752826214,
      0.048639969900250435,
      0.04950275085866451,
      0.049469600431621075,
      0.048958804458379745,
      0.04896433372050524,
      0.04907090589404106,
      0.049059015698730946,
      0.04930196888744831,
      0.04998813662678003,
      0.0490888562053442,
      0.0492237564176321,
      0.04896497447043657,
      0.0490560457110405,
      0.052263726480305195,
      0.05156512651592493,
      0.05003298819065094,
      0.057110018096864223,
      0.04996288660913706,
      0.04949735105037689,
      0.0490260049700737,
      0.048866513185203075,
      0.05010136868804693,
      0.051741729490458965,
      0.050257300958037376,
      0.05130944401025772,
      0.049160116352140903,
      0.05109441094100475,
      0.05124955344945192,
      0.04993881657719612,
      0.04925909824669361,
      0.049337479285895824,
      0.04932945780456066,
      0.049379429779946804,
      0.04909989610314369,
      0.04931183811277151,
      0.049242498353123665,
      0.04924226738512516,
      0.04923063702881336,
      0.04909184668213129,
      0.05031467042863369,
      0.049540212377905846,
      0.04916774667799473,
      0.049183476716279984,
      0.048886763863265514,
      0.04901124443858862,
      0.04892978351563215,
      0.05055086500942707,
      0.04866086971014738,
      0.048991015180945396,
      0.04898201394826174,
      0.04886497277766466,
      0.0485707288607955,
      0.0504016624763608,
      0.049848075956106186,
      0.0490586943924427,
      0.04903895501047373,
      0.049176997505128384,
      0.04917071666568518,
      0.05029300134629011,
      0.04924670793116093,
      0.04936678893864155,
      0.049582221545279026,
      0.04934762977063656,
      0.04950782097876072,
      0.049589572474360466,
      0.050559043884277344,
      0.04966718330979347,
      0.049228387884795666,
      0.04943361971527338,
      0.04951188154518604,
      0.04950265120714903,
      0.05056641437113285,
      0.049466860480606556,
      0.0491885170340538,
      0.049535191617906094,
      0.049169096164405346,
      0.049802244640886784,
      0.04954665247350931,
      0.04916231706738472,
      0.04959188215434551,
      0.04927745833992958,
