{
  "client_cpu_seconds": 0.42888739,
  "client_peak_rss_bytes": 38440960,
  "completed": 8,
  "error_rate": 0.0,
  "failed": 0,
  "framework": "omni-npu",
  "git_commit": "omni-npu-0.2.0-vllm-0.14.0",
  "latency": {
    "e2e": {
      "p50": 2.0186883294954896,
      "p95": 2.03921803641133,
      "p99": 2.0398893643077463
    },
    "itl": {
      "p50": 0.02924774307757616,
      "p95": 0.0493448755238205,
      "p99": 0.058706249073147754
    },
    "ttft": {
      "p50": 0.16463015927001834,
      "p95": 0.21433440120890734,
      "p99": 0.22285455146804453
    }
  },
  "model": "Qwen2.5-72B-Instruct",
  "output_throughput_tokens_per_second": 31.68389382622566,
  "rejected": 0,
  "rejection_rate": 0.0,
  "request_throughput_per_second": 0.49506084103477593,
  "run_id": "edc20abbbbb84c25b4ef6d4cd617369a",
  "samples": {
    "e2e_seconds": [
      1.9980147201567888,
      2.0276155173778534,
      2.0080409981310368,
      2.0120067689567804,
      2.010176734998822,
      2.0376595966517925,
      2.0400571962818503,
      2.0253698900341988
    ],
    "itl_seconds": [
      0.016603040508925915,
      0.04664279520511627,
      0.011695249006152153,
      0.03631243295967579,
      0.059330967254936695,
      0.02129674144089222,
      0.043465244583785534,
      0.01482450868934393,
      0.029194261878728867,
      0.02913147211074829,
      0.0668236818164587,
      0.008058353327214718,
      0.0384397404268384,
      0.003352162428200245,
      0.04208598751574755,
      0.016354297287762165,
      0.05193425249308348,
      0.006346800364553928,
      0.029677639715373516,
      0.028756306506693363,
      0.029837890528142452,
      0.02941886428743601,
      0.029414755292236805,
      0.02952402736991644,
      0.05279162246733904,
      0.027948607690632343,
      0.007180090993642807,
      0.029308073222637177,
      0.03155687265098095,
      0.02784599456936121,
      0.029078091494739056,
      0.028928768821060658,
      0.029257922433316708,
      0.030092324130237103,
      0.028248350135982037,
      0.029518237337470055,
      0.0290470402687788,
      0.029787149280309677,
      0.028833158314228058,
      0.029407065361738205,
      0.03008811268955469,
      0.028944159857928753,
      0.0289488285779953,
      0.02944160532206297,
      0.05801082029938698,
      0.028837798163294792,
      0.0003689238801598549,
      0.035258639603853226,
      0.02299452293664217,
      0.02964743785560131,
      0.04357008635997772,
      0.01456877589225769,
      0.029233653098344803,
      0.029176182113587856,
      0.03881154488772154,
      0.01965561043471098,
      0.0403920654207468,
      0.04796082153916359,
      0.029284183867275715,
      0.04316717013716698,
      0.01689302548766136,
      0.031120507046580315,
      0.027646533213555813,
      0.05632519721984863,
      0.0020317062735557556,
      0.029330664314329624,
      0.029197711497545242,
      0.03946867398917675,
      0.0199966449290514,
      0.029837570153176785,
      0.0274413600564003,
      0.031549553386867046,
      0.027150745503604412,
      0.03098183497786522,
      0.027126426808536053,
      0.029185861349105835,
      0.029364065267145634,
      0.030066712759435177,
      0.028427903540432453,
      0.02966078743338585,
      0.028761567547917366,
      0.029203792102634907,
      0.029284223914146423,
      0.029227841645479202,
      0.02925845328718424,
      0.02925813291221857,
      0.03472527302801609,
      0.02374553307890892,
      0.029310734011232853,
      0.06039007008075714,
      0.015986504033207893,
      0.011208572424948215,
      0.029242362827062607,
      0.03957749530673027,
      0.02413809671998024,
      0.024388041347265244,
      0.04770086891949177,
      0.01059336494654417,
      0.04165823105722666,
      0.017126519232988358,
      0.03459667041897774,
      0.03182647656649351,
      0.03095401357859373,
      0.02062043361365795,
      0.030346816405653954,
      0.02909514121711254,
      0.03698583226650953,
      0.021760798059403896,
      0.03032463602721691,
      0.0319569380953908,
      0.03209847863763571,
      0.027905316092073917,
      0.024291410110890865,
      0.029323114082217216,
      0.030346366576850414,
      0.044035530649125576,
      0.04300906974822283,
      0.029256142675876617,
      0.032915569841861725,
      0.044843812473118305,
      0.014847878366708755,
      0.043717848137021065,
      0.03238578327000141,
      0.03155537135899067,
      0.02002005558460951,
      0.044211823493242264,
      0.007784580811858177,
      0.048001241870224476,
      0.002656683325767517,
      0.029180052690207958,
      0.029242112301290035,
      0.07499539665877819,
      0.007900490425527096,
      0.0046361591666936874,
      0.029897221364080906,
      0.02912940178066492,
      0.028759456239640713,
      0.02924927230924368,
      0.04237317107617855,
      0.016019604168832302,
      0.029295564629137516,
      0.034717642702162266,
      0.023856413550674915,
      0.029760189354419708,
      0.029224542900919914,
      0.029226423241198063,
      0.05082958750426769,
      0.017132348380982876,
      0.019871624186635017,
      0.04805967304855585,
      0.012006792239844799,
      0.027735084295272827,
      0.02924244198948145,
      0.029249142855405807,
      0.02978082001209259,
      0.03198105841875076,
      0.026012961752712727,
      0.029925351031124592,
      0.029169192537665367,
      0.02915728185325861,
      0.02930488344281912,
      0.028990160673856735,
      0.02930064219981432,
      0.028915309347212315,
      0.02927498333156109,
      0.029504756443202496,
      0.029264112934470177,
      0.029450866393744946,
      0.028865598142147064,
      0.029262452386319637,
      0.02995702251791954,
      0.028677785769104958,
      0.02960020676255226,
      0.02932104468345642,
      0.029281143099069595,
      0.028943809680640697,
      0.029715819284319878,
      0.029290512204170227,
      0.028815138153731823,
      0.02969240862876177,
      0.02949550561606884,
      0.029081781394779682,
      0.029317103326320648,
      0.029551677405834198,
      0.029812210239470005,
      0.029762879945337772,
      0.028502563014626503,
      0.029114002361893654,
      0.029587036930024624,
      0.029146541841328144,
      0.029915301129221916,
      0.028785577043890953,
      0.029424335807561874,
      0.031938256695866585,
      0.055260125547647476,
      0.029034599661827087,
      0.04362889565527439,
      0.014847480691969395,
      0.029312152415513992,
      0.05587721336632967,
      0.007949940860271454,
      0.02386055514216423,
      0.05842562485486269,
      0.0017099622637033463,
      0.027484379708766937,
      0.03147771209478378,
      0.03473672270774841,
      0.02163609489798546,
      0.04471281170845032,
      0.023988445289433002,
      0.019978754222393036,
      0.02833372261375189,
      0.029202941805124283,
      0.029243222437798977,
      0.02923707291483879,
      0.03198456857353449,
      0.052020092494785786,
      0.015988614410161972,
      0.02146223373711109,
      0.033873352222144604,
      0.02475243527442217,
      0.031867386773228645,
      0.02613841276615858,
      0.037922004237771034,
      0.016550131142139435,
      0.058465154841542244,
      0.004964293912053108,
      0.024293100461363792,
      0.02921564131975174,
      0.029767420142889023,
      0.05809691082686186,
      0.0008053304627537727,
      0.028395981527864933,
      0.05404963903129101,
      0.00643572211265564,
      0.027464240789413452,
      0.04676768649369478,
      0.011967092752456665,
      0.029149641282856464,
      0.029239673167467117,
      0.029241043142974377,
      0.029247542843222618,
      0.029303093440830708,
      0.030064533464610577,
      0.0296770092099905,
      0.034011163748800755,
      0.030357426963746548,
      0.028771297074854374,
      0.029346314258873463,
      0.04782672040164471,
