{
  "client_cpu_seconds": 0.44451537999999996,
  "client_peak_rss_bytes": 38125568,
  "completed": 8,
  "error_rate": 0.0,
  "failed": 0,
  "framework": "omni-npu",
  "git_commit": "omni-npu-0.2.0-vllm-0.14.0",
  "latency": {
    "e2e": {
      "p50": 2.021035783458501,
      "p95": 2.04137683310546,
      "p99": 2.043634782033041
    },
    "itl": {
      "p50": 0.029293174855411053,
      "p95": 0.045859643071889875,
      "p99": 0.05865188738331199
    },
    "ttft": {
      "p50": 0.1585005265660584,
      "p95": 0.19064706629142164,
      "p99": 0.194183147829026
    }
  },
  "model": "Qwen2.5-72B-Instruct",
  "output_throughput_tokens_per_second": 31.670045460106397,
  "rejected": 0,
  "rejection_rate": 0.0,
  "request_throughput_per_second": 0.49484446031416246,
  "run_id": "07bb6928ddac4cfbbff2f34e2010062d",
  "samples": {
    "e2e_seconds": [
      2.0143802985548973,
      2.036135165952146,
      2.027691268362105,
      2.0013236813247204,
      2.0105887996032834,
      2.032167254947126,
      1.9996175300329924,
      2.0441992692649364
    ],
    "itl_seconds": [
      0.0317924153059721,
      0.02736734878271818,
      0.028845807537436485,
      0.02930902410298586,
      0.029231032356619835,
      0.03144526109099388,
      0.02967946883291006,
      0.039888229221105576,
      0.017613493837416172,
      0.029262762516736984,
      0.029311474412679672,
      0.040921032428741455,
      0.01748504303395748,
      0.029528455808758736,
      0.032074819318950176,
      0.026118763722479343,
      0.029276162385940552,
      0.029259273782372475,
      0.029338983818888664,
      0.02929308358579874,
      0.0292469235137105,
      0.0293232137337327,
      0.03468099143356085,
      0.02428979054093361,
      0.02916703186929226,
      0.029878390952944756,
      0.028427462093532085,
      0.029634778387844563,
      0.03194247651845217,
      0.026381077244877815,
      0.029662747867405415,
      0.02978562004864216,
      0.029057410545647144,
      0.03023468516767025,
      0.028704166412353516,
      0.029333784244954586,
      0.03040411788970232,
      0.028236829675734043,
      0.02966896817088127,
      0.02999761328101158,
      0.029515285976231098,
      0.028413482941687107,
      0.02943490445613861,
      0.02915069181472063,
      0.02926609292626381,
      0.029899061657488346,
      0.028756046667695045,
      0.02924939338117838,
      0.029316933825612068,
      0.029343433678150177,
      0.02970533911138773,
      0.02939104475080967,
      0.030886604450643063,
      0.02978563867509365,
      0.028502474538981915,
      0.030054302886128426,
      0.029607217758893967,
      0.028654244728386402,
      0.02962532825767994,
      0.030371286906301975,
      0.029359315522015095,
      0.02946479432284832,
      0.029861961491405964,
      0.030386868864297867,
      0.03281689714640379,
      0.025826910510659218,
      0.029143771156668663,
      0.029235863126814365,
      0.034052454866468906,
      0.024341659620404243,
      0.02973431907594204,
      0.030362767167389393,
      0.028119608759880066,
      0.0357922064140439,
      0.0319885378703475,
      0.02208676189184189,
      0.04194911476224661,
      0.013944027945399284,
      0.03405464440584183,
      0.02477645594626665,
      0.05865549761801958,
      0.04059224855154753,
      0.017696444876492023,
      0.010308122262358665,
      0.01880194991827011,
      0.029269373044371605,
      0.03592600766569376,
      0.02323867566883564,
      0.029026170261204243,
      0.029279883950948715,
      0.02935812436044216,
      0.04106987360864878,
      0.04773140884935856,
      0.016479160636663437,
      0.01900980155915022,
      0.03279820829629898,
      0.019370676949620247,
      0.029370234347879887,
      0.029293174855411053,
      0.029914570972323418,
      0.028619974851608276,
      0.029324683360755444,
      0.046128738671541214,
      0.012752852402627468,
      0.02929147332906723,
      0.03807390574365854,
      0.020593143068253994,
      0.029402765445411205,
      0.02909979037940502,
      0.06082014553248882,
      0.027177817188203335,
      0.012817912735044956,
      0.01836460456252098,
      0.06163810659199953,
      0.019944094121456146,
      0.004396345466375351,
      0.03565813507884741,
      0.02290302235633135,
      0.02927484270185232,
      0.03000552300363779,
      0.02964117843657732,
      0.03067589085549116,
      0.03359927795827389,
      0.035894057713449,
      0.017924929037690163,
      0.05128501448780298,
      0.030368748120963573,
      0.029231062158942223,
      0.029108712449669838,
      0.02942254487425089,
      0.029308133758604527,
      0.029241752810776234,
      0.028628635220229626,
      0.02944773528724909,
      0.029003620147705078,
      0.029512145556509495,
      0.02923637256026268,
      0.029237023554742336,
      0.029496366158127785,
      0.02976106945425272,
      0.02825046982616186,
      0.029848051257431507,
      0.028834117576479912,
      0.02974092960357666,
      0.029961331747472286,
      0.02804486732929945,
      0.02938519511371851,
      0.02967772912234068,
      0.02903679944574833,
      0.029226893559098244,
      0.02889915741980076,
      0.029310334473848343,
      0.02916854154318571,
      0.029254773631691933,
      0.02932228334248066,
      0.03242717310786247,
      0.02616780437529087,
      0.029127820394933224,
      0.0294575160369277,
      0.029148812405765057,
      0.0293811047449708,
      0.02880918700248003,
      0.030246935784816742,
      0.02850058302283287,
      0.029654568061232567,
      0.029225093312561512,
      0.029297083616256714,
      0.029267613776028156,
      0.029454384930431843,
      0.029778399504721165,
      0.028757017105817795,
      0.0310627156868577,
      0.027402259409427643,
      0.02897793985903263,
      0.029802709817886353,
      0.02903620060533285,
      0.02933760453015566,
      0.029269343242049217,
      0.029268022626638412,
      0.02898361999541521,
      0.029785889200866222,
      0.02908267080783844,
      0.029359725303947926,
      0.029400484636425972,
      0.0288137374445796,
      0.029585896991193295,
      0.029600967653095722,
      0.029123361222445965,
      0.059779092669487,
      0.029200141318142414,
      0.0295119471848011,
      0.028851497918367386,
      0.029576917178928852,
      0.029397035017609596,
      0.029136630706489086,
      0.029694469645619392,
      0.028434582985937595,
      0.02899732906371355,
      0.029774929396808147,
      0.02894421946257353,
      0.031074365600943565,
      0.0291405925527215,
      0.030014382675290108,
      0.028044527396559715,
      0.029527436941862106,
      0.028960729017853737,
      0.029197302646934986,
      0.029216052033007145,
      0.029156481847167015,
      0.03697197139263153,
      0.021665806882083416,
      0.02908359095454216,
      0.02921437192708254,
      0.029391145333647728,
      0.029114260338246822,
      0.02983241155743599,
      0.05163907818496227,
      0.03612979035824537,
      0.04786312021315098,
      0.010420133359730244,
      0.04956968128681183,
      0.00887486431747675,
      0.029349434189498425,
      0.045809224247932434,
      0.016659853048622608,
      0.02732336800545454,
      0.02799182664602995,
      0.03214883990585804,
      0.025923671200871468,
      0.029327713884413242,
      0.02915038075298071,
      0.031492321752011776,
      0.032058799639344215,
      0.024281478486955166,
      0.03351029846817255,
      0.029623717069625854,
      0.026234344579279423,
      0.038318599574267864,
      0.024143767543137074,
      0.050586274825036526,
      0.009163237176835537,
      0.040040209889411926,
      0.011645819060504436,
      0.05845268536359072,
      0.009843965992331505,
      0.01932067610323429,
      0.05684096459299326,
      0.0017203018069267273,
      0.02931586466729641,
      0.03293219953775406,
      0.026275714859366417,
