{
  "client_cpu_seconds": 0.44029398999999997,
  "client_peak_rss_bytes": 38121472,
  "completed": 8,
  "error_rate": 0.0,
  "failed": 0,
  "framework": "omni-npu",
  "git_commit": "omni-npu-0.2.0-vllm-0.14.0",
  "latency": {
    "e2e": {
      "p50": 2.025998631492257,
      "p95": 2.0467478576116265,
      "p99": 2.048264984395355
    },
    "itl": {
      "p50": 0.029264788143336773,
      "p95": 0.046865307446569186,
      "p99": 0.054543241225183
    },
    "ttft": {
      "p50": 0.1721148849464953,
      "p95": 0.18502641390077768,
      "p99": 0.18852925582788885
    }
  },
  "model": "Qwen2.5-72B-Instruct",
  "output_throughput_tokens_per_second": 31.57447671003075,
  "rejected": 0,
  "rejection_rate": 0.0,
  "request_throughput_per_second": 0.4933511985942305,
  "run_id": "0bb95da57d354368a1d585a9025c1da5",
  "samples": {
    "e2e_seconds": [
      2.0269931694492698,
      2.048644266091287,
      2.0432259561493993,
      2.01208368036896,
      2.0196253256872296,
      2.0001355167478323,
      2.0250040935352445,
      2.0391996456310153
    ],
    "itl_seconds": [
      0.012732182629406452,
      0.029077840968966484,
      0.029886070638895035,
      0.043044558726251125,
      0.04373112786561251,
      0.005133406259119511,
      0.02406779583543539,
      0.030311627313494682,
      0.02935649361461401,
      0.03083184454590082,
      0.027572810649871826,
      0.02923690341413021,
      0.029092860408127308,
      0.02920686360448599,
      0.029276982881128788,
      0.03309329226613045,
      0.03198821749538183,
      0.03198513854295015,
      0.019584168680012226,
      0.030864153988659382,
      0.033553977496922016,
      0.023316717706620693,
      0.029340594075620174,
      0.047332463786005974,
      0.011094601824879646,
      0.029249602928757668,
      0.047712428495287895,
      0.011096961796283722,
      0.04086299054324627,
      0.01790223829448223,
      0.0461970092728734,
      0.01252014935016632,
      0.02947976626455784,
      0.053929717279970646,
      0.005734593607485294,
      0.04920372739434242,
      0.00824800506234169,
      0.03294871002435684,
      0.03592679835855961,
      0.018882760778069496,
      0.029321863315999508,
      0.05167947895824909,
      0.006712066009640694,
      0.04150375910103321,
      0.05090621951967478,
      0.012890004552900791,
      0.011696209199726582,
      0.0403941348195076,
      0.028074418194592,
      0.035863958299160004,
      0.016101454384624958,
      0.02605528198182583,
      0.029965601861476898,
      0.03199785854667425,
      0.02572711743414402,
      0.03428010828793049,
      0.024217387661337852,
      0.04761748854070902,
      0.010981540195643902,
      0.029314964078366756,
      0.02923035155981779,
      0.034518441185355186,
      0.04888562299311161,
      0.023437499068677425,
      0.028820008039474487,
      0.029186191968619823,
      0.032232160679996014,
      0.036143370904028416,
      0.020214318297803402,
      0.028745985589921474,
      0.03398552443832159,
      0.024273458868265152,
      0.03290755022317171,
      0.025526084937155247,
      0.029175001196563244,
      0.029673279263079166,
      0.03137078043073416,
      0.03200679738074541,
      0.024136777967214584,
      0.03731487598270178,
      0.03620746172964573,
      0.022516987286508083,
      0.021390092559158802,
      0.05386356730014086,
      0.009444060735404491,
      0.029274133034050465,
      0.02981708012521267,
      0.0279856463894248,
      0.02504586987197399,
      0.02942778542637825,
      0.03363443911075592,
      0.0260355519130826,
      0.0331323416903615,
      0.033487447537481785,
      0.019310766831040382,
      0.058885340578854084,
      0.016984456218779087,
      0.011851291172206402,
      0.03214668016880751,
      0.028410863131284714,
      0.027672921307384968,
      0.0319091472774744,
      0.032025858759880066,
      0.02402979601174593,
      0.036010969430208206,
      0.03194681741297245,
      0.019184045493602753,
      0.029264433309435844,
      0.0293112238869071,
      0.029230231419205666,
      0.029287314042448997,
      0.029255122877657413,
      0.034515900537371635,
      0.03194241691380739,
      0.021433433517813683,
      0.029309803619980812,
      0.0292243929579854,
      0.030221675522625446,
      0.028967819176614285,
      0.02861747518181801,
      0.029292463324964046,
      0.0292299622669816,
      0.029738299548625946,
      0.02920964267104864,
      0.02884666807949543,
      0.06355816964060068,
      0.030668270774185658,
      0.029183202423155308,
      0.029169991612434387,
      0.02961127832531929,
      0.028865277767181396,
      0.02924119308590889,
      0.02926115319132805,
      0.02922891266644001,
      0.03010939434170723,
      0.028317810967564583,
      0.029201501980423927,
      0.029209433123469353,
      0.03012470342218876,
      0.02951896656304598,
      0.028088477440178394,
      0.029512977227568626,
      0.029316093772649765,
      0.02955284621566534,
      0.02904418110847473,
      0.029925141483545303,
      0.028555004857480526,
      0.029310762882232666,
      0.02940511517226696,
      0.028648455627262592,
      0.029834670014679432,
      0.029384665191173553,
      0.02860291488468647,
      0.029222232289612293,
      0.029690449126064777,
      0.029079630970954895,
      0.029344303533434868,
      0.02921089343726635,
      0.02898467890918255,
      0.029142871499061584,
      0.029576866887509823,
      0.028871147893369198,
      0.029228443279862404,
      0.03159064333885908,
      0.04694393835961819,
      0.009131316095590591,
      0.029917791485786438,
      0.02912743203341961,
      0.050418462604284286,
      0.008067643269896507,
      0.029592586681246758,
      0.05447227507829666,
      0.003616676665842533,
      0.029338163323700428,
      0.02919722255319357,
      0.02921262290328741,
      0.036597306840121746,
      0.021879099309444427,
      0.029242143034934998,
      0.029183121398091316,
      0.029289313592016697,
      0.03236817289143801,
      0.026120342314243317,
      0.03425627760589123,
      0.03151587210595608,
      0.05006774794310331,
      0.0011502048000693321,
      0.029247152619063854,
      0.054545436054468155,
      0.005189076066017151,
      0.03585982695221901,
      0.022513256408274174,
      0.04550462029874325,
      0.013025347143411636,
      0.029203501529991627,
      0.02922944352030754,
      0.04849860817193985,
      0.009899855591356754,
      0.02947922609746456,
      0.03267115727066994,
      0.025791728869080544,
      0.03416312579065561,
      0.03019915521144867,
      0.023760383017361164,
      0.034059854224324226,
      0.028750156983733177,
      0.031072045676410198,
      0.02266306895762682,
      0.029222902841866016,
      0.0292753828689456,
      0.03899933770298958,
      0.019990994594991207,
      0.029778320342302322,
      0.03423130698502064,
      0.023321826942265034,
      0.033443196676671505,
      0.02503337897360325,
      0.05846523493528366,
      0.006994530558586121,
      0.08073756843805313,
      0.011992753483355045,
      0.01724923960864544,
      0.034763612784445286,
      0.01200072281062603,
      0.011708470061421394,
      0.05229999776929617,
      0.006257179193198681,
      0.0297270892187953,
      0.02880813740193844,
      0.02926362305879593,
      0.029243052937090397,
      0.040686278603971004,
      0.020884745754301548,
      0.031882697716355324,
      0.029974491335451603,
      0.023158086463809013,
      0.034143474884331226,
      0.032168000005185604,
      0.022407655604183674,
      0.03216525074094534,
      0.027494100853800774,
      0.028148348443210125,
      0.029979082755744457,
      0.02895308844745159,
      0.029873221181333065,
      0.029408615082502365,
      0.02853893395513296,
      0.030757482163608074,
      0.02759612165391445,
      0.02915009204298258,
