{
  "client_cpu_seconds": 0.47624544,
  "client_peak_rss_bytes": 39608320,
  "completed": 8,
  "error_rate": 0.0,
  "failed": 0,
  "framework": "auto-infer-tp-prefill-graph",
  "git_commit": "tp-prefill-graph-working",
  "latency": {
    "e2e": {
      "p50": 1.7948833648115396,
      "p95": 1.7980539059266447,
      "p99": 1.7982424074038863
    },
    "itl": {
      "p50": 0.027491706423461437,
      "p95": 0.0287320917006582,
      "p99": 0.03251451075077057
    },
    "ttft": {
      "p50": 0.05310578364878893,
      "p95": 0.054115606797859074,
      "p99": 0.05423165976069868
    }
  },
  "model": "Qwen2.5-72B-Instruct",
  "output_throughput_tokens_per_second": 35.66376168232096,
  "rejected": 0,
  "rejection_rate": 0.0,
  "request_throughput_per_second": 0.557246276286265,
  "run_id": "ef2a68458c0e4206841dff0bd8618124",
  "samples": {
    "e2e_seconds": [
      1.7976163132116199,
      1.7982895327731967,
      1.7913908641785383,
      1.7896226728335023,
      1.7919726530089974,
      1.7960741044953465,
      1.7968439441174269,
      1.7936926251277328
    ],
    "itl_seconds": [
      0.03248156979680061,
      0.027488665655255318,
      0.027573847211897373,
      0.027497395873069763,
      0.027280033566057682,
      0.027324453927576542,
      0.029563252814114094,
      0.02747503574937582,
      0.028069852851331234,
      0.02730159368366003,
      0.027767510153353214,
      0.027625777758657932,
      0.027487016282975674,
      0.02740088477730751,
      0.029420250095427036,
      0.02738056518137455,
      0.027698978781700134,
      0.029209637083113194,
      0.028011403046548367,
      0.02763761766254902,
      0.027383155189454556,
      0.02648578304797411,
      0.029996057972311974,
      0.027296723797917366,
      0.02736078482121229,
      0.027249892242252827,
      0.028467698954045773,
      0.02733448427170515,
      0.0273000942543149,
      0.027358774095773697,
      0.027729039080440998,
      0.027697878889739513,
      0.027259972877800465,
      0.027420666068792343,
      0.02751059550791979,
      0.027342934161424637,
      0.027358485385775566,
      0.027405554428696632,
      0.02752056624740362,
      0.02765650860965252,
      0.027394144795835018,
      0.027414015494287014,
      0.02731652371585369,
      0.027547686360776424,
      0.02739983517676592,
      0.028265786357223988,
      0.02741246484220028,
      0.030389082618057728,
      0.02731301449239254,
      0.027372224256396294,
      0.027609767392277718,
      0.028437367640435696,
      0.026746387593448162,
      0.0276756277307868,
      0.027535737492144108,
      0.027399704791605473,
      0.027591007761657238,
      0.027694827876985073,
      0.02740775514394045,
      0.027862761169672012,
      0.027680118568241596,
      0.027476896531879902,
      0.02302694972604513,
      0.03251552954316139,
      0.027581186965107918,
      0.027282794006168842,
      0.028314845636487007,
      0.02716836240142584,
      0.027426266111433506,
      0.02736545354127884,
      0.02740112505853176,
      0.027616428211331367,
      0.02749751601368189,
      0.02724787313491106,
      0.027656788006424904,
      0.027917351573705673,
      0.02748657576739788,
      0.02813690435141325,
      0.02723885327577591,
      0.027410954236984253,
      0.02756312768906355,
      0.02954928297549486,
      0.02733832411468029,
      0.027487006038427353,
      0.027434964664280415,
      0.0276900390163064,
      0.028185064904391766,
      0.02747875638306141,
      0.027173091657459736,
      0.02734756376594305,
      0.027320734225213528,
      0.027470256201922894,
      0.028386597521603107,
      0.02823975495994091,
      0.0280149532482028,
      0.027563677169382572,
      0.027240373194217682,
      0.02756279706954956,
      0.027427484281361103,
      0.027357875369489193,
      0.027585136704146862,
      0.02735438384115696,
      0.029077596962451935,
      0.02751602604985237,
      0.027345954440534115,
      0.027349825017154217,
      0.027551877312362194,
      0.027291562408208847,
      0.02766192890703678,
      0.0277075981721282,
      0.02737300470471382,
      0.029032655991613865,
      0.027902930974960327,
      0.028014863841235638,
      0.027696387842297554,
      0.027589287608861923,
      0.027867240831255913,
      0.02820857521146536,
      0.027545726858079433,
      0.027494256384670734,
      0.02749224565923214,
      0.02803692314773798,
      0.027500306256115437,
      0.027668388560414314,
      0.027156922034919262,
      0.023444265127182007,
      0.033379459753632545,
      0.027307474054396152,
      0.027456696145236492,
      0.02725060284137726,
      0.027462915517389774,
      0.027665728703141212,
      0.027430684305727482,
      0.02758259791880846,
      0.027413595467805862,
      0.027333403937518597,
      0.02730663400143385,
      0.027558347210288048,
      0.027241922914981842,
      0.027632118202745914,
      0.027394725009799004,
      0.027690397575497627,
      0.027478155680000782,
      0.027272134087979794,
      0.027628897689282894,
      0.028249415569007397,
      0.02753746695816517,
      0.02732995431870222,
      0.027476655319333076,
      0.027610328048467636,
      0.027436595410108566,
      0.02738373540341854,
      0.027322263456881046,
      0.028311556205153465,
      0.02744486555457115,
      0.02739114500582218,
      0.027421114966273308,
      0.027401985600590706,
      0.02742854505777359,
      0.027346464805305004,
      0.02859621960669756,
      0.027461105957627296,
      0.02759741712361574,
      0.027293174527585506,
      0.027487965300679207,
      0.028236455284059048,
      0.027368195354938507,
      0.02728363312780857,
      0.027390324510633945,
      0.027424666099250317,
      0.027417555451393127,
      0.027411874383687973,
      0.027458176016807556,
      0.028733542189002037,
      0.027581396512687206,
      0.027809089981019497,
      0.027380875311791897,
      0.027491426095366478,
      0.027750369161367416,
      0.0273583447560668,
      0.02761444728821516,
      0.027336894534528255,
      0.027475636452436447,
      0.027708128094673157,
      0.027623197995126247,
      0.027486315928399563,
      0.02744070626795292,
      0.0274945255368948,
      0.023114430718123913,
      0.032469648867845535,
      0.027255763299763203,
      0.02740789484232664,
      0.03028432186692953,
      0.027380535379052162,
      0.02744749467819929,
      0.027325503528118134,
      0.027503766119480133,
      0.02733885496854782,
      0.027355234138667583,
      0.027381774969398975,
      0.027578797191381454,
      0.028178715147078037,
      0.027812509797513485,
      0.027466516010463238,
      0.027413684874773026,
      0.027471615932881832,
      0.027658837847411633,
      0.0273281242698431,
      0.027261714451014996,
      0.027439684607088566,
      0.027372905053198338,
      0.02745944634079933,
      0.027372383512556553,
      0.027403985150158405,
      0.027318344451487064,
      0.027476275339722633,
      0.027431796304881573,
      0.0275157755240798,
      0.027375645004212856,
      0.0274136858060956,
      0.02779425960034132,
      0.027341363951563835,
      0.02733403444290161,
      0.027427205815911293,
      0.027421824634075165,
      0.027572867460548878,
      0.027284584008157253,
      0.027507156133651733,
      0.027600646950304508,
      0.027359984815120697,
      0.02744319476187229,
      0.027630258351564407,
      0.02732260338962078,
      0.027637897990643978,
      0.028883084654808044,
      0.02742058504372835,
      0.026527423411607742,
      0.02839496824890375,
      0.027381394989788532,
      0.02733155433088541,
      0.029522630386054516,
      0.02731936424970627,
      0.027759689837694168,
      0.0276007279753685,
      0.027460855431854725,
      0.028186284936964512,
      0.027614448219537735,
      0.027408884838223457,
      0.027513936161994934,
