{
  "client_cpu_seconds": 0.43918527000000007,
  "client_peak_rss_bytes": 39612416,
  "completed": 8,
  "error_rate": 0.0,
  "failed": 0,
  "framework": "auto-infer-tp-prefill-graph",
  "git_commit": "tp-prefill-graph-working",
  "latency": {
    "e2e": {
      "p50": 1.7917284243740141,
      "p95": 1.797644496988505,
      "p99": 1.799376344140619
    },
    "itl": {
      "p50": 0.027492621447890997,
      "p95": 0.028322328673675658,
      "p99": 0.03255773734301329
    },
    "ttft": {
      "p50": 0.052560916636139154,
      "p95": 0.054047050839290026,
      "p99": 0.05436318348161876
    }
  },
  "model": "Qwen2.5-72B-Instruct",
  "output_throughput_tokens_per_second": 35.72506644467819,
  "rejected": 0,
  "rejection_rate": 0.0,
  "request_throughput_per_second": 0.5582041631980967,
  "run_id": "ace3a27d46b8496f90b646a6fcc94937",
  "samples": {
    "e2e_seconds": [
      1.7916362024843693,
      1.7931873220950365,
      1.7855871561914682,
      1.7888087769970298,
      1.7864102870225906,
      1.7936241375282407,
      1.791820646263659,
      1.7998093059286475
    ],
    "itl_seconds": [
      0.03250784892588854,
      0.027401075698435307,
      0.027406934648752213,
      0.02993712667375803,
      0.027514447458088398,
      0.0274038752540946,
      0.027541556395590305,
      0.027563457377254963,
      0.027404175139963627,
      0.02772551868110895,
      0.027442585676908493,
      0.027349524199962616,
      0.02746057603508234,
      0.028946183621883392,
      0.027903522364795208,
      0.027316223829984665,
      0.02740431483834982,
      0.027338484302163124,
      0.02795165218412876,
      0.027415884658694267,
      0.02754742745310068,
      0.027766579762101173,
      0.02734390366822481,
      0.027344525791704655,
      0.02757611684501171,
      0.027516636066138744,
      0.027614827267825603,
      0.027452116832137108,
      0.027368574403226376,
      0.027519745752215385,
      0.02762697823345661,
      0.02744566649198532,
      0.0276917377486825,
      0.027447756379842758,
      0.02769879810512066,
      0.02735468465834856,
      0.028218206018209457,
      0.02754131704568863,
      0.027934460900723934,
      0.02742160577327013,
      0.027492876164615154,
      0.027488555759191513,
      0.02729914430528879,
      0.027531877160072327,
      0.027314523234963417,
      0.028117614798247814,
      0.027479135431349277,
      0.027366604655981064,
      0.02750296611338854,
      0.02693049982190132,
      0.02824280597269535,
      0.02747635543346405,
      0.027348204515874386,
      0.027492855675518513,
      0.027611708268523216,
      0.027363725006580353,
      0.02764346729964018,
      0.02740524522960186,
      0.028189145028591156,
      0.027633017860352993,
      0.027758738957345486,
      0.027856181375682354,
      0.02236244175583124,
      0.0326915318146348,
      0.027751498855650425,
      0.027236422523856163,
      0.02743468526750803,
      0.027547837235033512,
      0.02765033859759569,
      0.027618437074124813,
      0.027494807727634907,
      0.02758155670017004,
      0.027485555969178677,
      0.027469085529446602,
      0.027904260903596878,
      0.0273960055783391,
      0.027577747590839863,
      0.027619948610663414,
      0.027393054217100143,
      0.027440525591373444,
      0.027515836991369724,
      0.027549116872251034,
      0.027492055669426918,
      0.02752294670790434,
      0.027541096322238445,
      0.02762994822114706,
      0.027492466382682323,
      0.027564747259020805,
      0.02761953789740801,
      0.027571167796850204,
      0.027630147524178028,
      0.027899080887436867,
      0.027759410440921783,
      0.027962591499090195,
      0.026622825302183628,
      0.028929914347827435,
      0.027757929638028145,
      0.027547337114810944,
      0.0277606388553977,
      0.027462676167488098,
      0.02781813032925129,
      0.027474905364215374,
      0.02755075693130493,
      0.027635988779366016,
      0.0279221311211586,
      0.027688559144735336,
      0.0280095636844635,
      0.027341163717210293,
      0.027514996007084846,
      0.027878230437636375,
      0.027458026073873043,
      0.02746038604527712,
      0.027553386986255646,
      0.02755135763436556,
      0.02751101553440094,
      0.027458216063678265,
      0.027753409929573536,
      0.027408504858613014,
      0.02792451251298189,
      0.027607986703515053,
      0.02764536812901497,
      0.027835761196911335,
      0.027804569341242313,
      0.027781850658357143,
      0.028016632422804832,
      0.02280711755156517,
      0.032577150501310825,
      0.02723462227731943,
      0.027478516101837158,
      0.027278874069452286,
      0.027368743903934956,
      0.027432856149971485,
      0.027719879522919655,
      0.027339093387126923,
      0.027418475598096848,
      0.02747910562902689,
      0.02735498547554016,
      0.02737369481474161,
      0.027374623343348503,
      0.027537107467651367,
      0.027428075671195984,
      0.027479316107928753,
      0.02732989378273487,
      0.027631638571619987,
      0.027681837789714336,
      0.027293063700199127,
      0.027908972464501858,
      0.02748199552297592,
      0.02747820597141981,
      0.02735267486423254,
      0.02738342434167862,
      0.02741516474634409,
      0.027494077570736408,
      0.027450314722955227,
      0.027256793342530727,
      0.027503997087478638,
      0.027687878347933292,
      0.027302613481879234,
      0.027407635934650898,
      0.027708827517926693,
      0.02733167540282011,
      0.02744960505515337,
      0.02737780474126339,
      0.027479476295411587,
      0.028092424385249615,
      0.027677658945322037,
      0.027286152355372906,
      0.027522257529199123,
      0.0274739358574152,
      0.027493566274642944,
      0.027450256049633026,
      0.027509655803442,
      0.02756305690854788,
      0.027498026378452778,
      0.027644138783216476,
      0.02752732578665018,
      0.027925201691687107,
      0.027116581797599792,
      0.027469445019960403,
      0.02788155246526003,
      0.027338113635778427,
      0.02749564591795206,
      0.02773215901106596,
      0.027488207444548607,
      0.027626046910881996,
      0.02742170635610819,
      0.027797999791800976,
      0.027496465481817722,
      0.022250390611588955,
      0.032559280283749104,
      0.02758384682238102,
      0.02729694452136755,
      0.027475355193018913,
      0.028436118736863136,
      0.02773664891719818,
      0.02738247439265251,
      0.027666098438203335,
      0.02753128670156002,
      0.02739205490797758,
      0.027497426606714725,
      0.02749575674533844,
      0.027446584776043892,
      0.02740336488932371,
      0.027579148299992085,
      0.02753565553575754,
      0.027386325411498547,
      0.027979613281786442,
      0.027427694760262966,
      0.02765173837542534,
      0.02738078497350216,
      0.027427585795521736,
      0.02748835552483797,
      0.02744690515100956,
      0.027450325898826122,
      0.027502866461873055,
      0.027492276392877102,
      0.027389295399188995,
      0.02758771739900112,
      0.02737710438668728,
      0.02751319669187069,
      0.02750618662685156,
      0.027474275790154934,
      0.027555727399885654,
      0.0276933079585433,
      0.02751786634325981,
      0.027423905208706856,
      0.027663969434797764,
      0.027647008188068867,
      0.02746528573334217,
      0.027552646584808826,
      0.02785212080925703,
      0.027366194874048233,
      0.027519846335053444,
      0.027506446465849876,
      0.02747051604092121,
      0.027557916939258575,
      0.027353194542229176,
      0.027515736408531666,
      0.027428355999290943,
      0.02744617499411106,
      0.027409235015511513,
      0.027634677477180958,
      0.02735946513712406,
      0.02751134615391493,
      0.027826271019876003,
      0.027569587342441082,
      0.02750807534903288,
      0.027431936003267765,
      0.027717329561710358,
