{
  "client_cpu_seconds": 0.41751329000000004,
  "client_peak_rss_bytes": 39604224,
  "completed": 8,
  "error_rate": 0.0,
  "failed": 0,
  "framework": "auto-infer-tp-prefill-graph",
  "git_commit": "tp-prefill-graph-working",
  "latency": {
    "e2e": {
      "p50": 1.7950765495188534,
      "p95": 1.8002532661892472,
      "p99": 1.801675574798137
    },
    "itl": {
      "p50": 0.027523696422576904,
      "p95": 0.0286434686742723,
      "p99": 0.03265735504217446
    },
    "ttft": {
      "p50": 0.05190907884389162,
      "p95": 0.053213389078155156,
      "p99": 0.05367898744530976
    }
  },
  "model": "Qwen2.5-72B-Instruct",
  "output_throughput_tokens_per_second": 35.661054666391394,
  "rejected": 0,
  "rejection_rate": 0.0,
  "request_throughput_per_second": 0.5572039791623655,
  "run_id": "b343178ef4894f0992d8c90bc984484d",
  "samples": {
    "e2e_seconds": [
      1.7884234804660082,
      1.8020311519503593,
      1.7963074296712875,
      1.7899791207164526,
      1.7963611809536815,
      1.7928991271182895,
      1.7938456693664193,
      1.7969514783471823
    ],
    "itl_seconds": [
      0.032771022990345955,
      0.02726736292243004,
      0.02729804441332817,
      0.0273170443251729,
      0.027234412729740143,
      0.027389504946768284,
      0.02739841490983963,
      0.02766255848109722,
      0.02730269357562065,
      0.027377905324101448,
      0.027452824637293816,
      0.02908005751669407,
      0.027434254996478558,
      0.02803905215114355,
      0.027367775328457355,
      0.027697029523551464,
      0.02839913684874773,
      0.027483705431222916,
      0.027399475686252117,
      0.027379704639315605,
      0.027819420211017132,
      0.027356875129044056,
      0.027811959385871887,
      0.027406555600464344,
      0.027653208002448082,
      0.027309703640639782,
      0.027844910509884357,
      0.027389985509216785,
      0.02756234724074602,
      0.02732398360967636,
      0.027559117414057255,
      0.027387254871428013,
      0.02752215601503849,
      0.027433295734226704,
      0.027443555183708668,
      0.02754082717001438,
      0.027337243780493736,
      0.027489326894283295,
      0.02741900458931923,
      0.027531546540558338,
      0.027338975109159946,
      0.02750689536333084,
      0.027492206543684006,
      0.027307693846523762,
      0.02760185766965151,
      0.027436605654656887,
      0.027445235289633274,
      0.02763584814965725,
      0.027300854213535786,
      0.02761220745742321,
      0.027405534870922565,
      0.027440255507826805,
      0.027232243679463863,
      0.027543706819415092,
      0.028309965506196022,
      0.027614868246018887,
      0.02745115477591753,
      0.02824142575263977,
      0.027423415333032608,
      0.027384765446186066,
      0.02759750746190548,
      0.027798130176961422,
      0.02256816439330578,
      0.03513460233807564,
      0.027234903536736965,
      0.027481185272336006,
      0.02735169418156147,
      0.027385025285184383,
      0.028015793301165104,
      0.027711409144103527,
      0.027418584562838078,
      0.026968250051140785,
      0.028210794553160667,
      0.027330084703862667,
      0.02736989501863718,
      0.027370513416826725,
      0.027830971404910088,
      0.02747440617531538,
      0.027415314689278603,
      0.027691529132425785,
      0.027328914031386375,
      0.02746477536857128,
      0.027380524203181267,
      0.027464556507766247,
      0.028146804310381413,
      0.02744445577263832,
      0.0274739358574152,
      0.02745736576616764,
      0.02758018672466278,
      0.02785529103130102,
      0.027489585801959038,
      0.027378025464713573,
      0.027885341085493565,
      0.027676299214363098,
      0.02753460593521595,
      0.028010212816298008,
      0.02761093806475401,
      0.027913090772926807,
      0.02760686818510294,
      0.027656798250973225,
      0.03127825353294611,
      0.028451927937567234,
      0.027705859392881393,
      0.027694079093635082,
      0.027620038017630577,
      0.02749994583427906,
      0.026587494648993015,
      0.028494829311966896,
      0.02640593145042658,
      0.028643951751291752,
      0.027424064464867115,
      0.02761190850287676,
      0.027400334365665913,
      0.027512296102941036,
      0.02758223842829466,
      0.029131315648555756,
      0.027501126751303673,
      0.027652528136968613,
      0.02800702303647995,
      0.02864990010857582,
      0.027515186928212643,
      0.02816647384315729,
      0.029000766575336456,
      0.027769888751208782,
      0.02755169663578272,
      0.022512963972985744,
      0.03267513122409582,
      0.0273295845836401,
      0.027828960679471493,
      0.028551319614052773,
      0.02748598624020815,
      0.02757949661463499,
      0.027643348090350628,
      0.027627578005194664,
      0.02744342479854822,
      0.028467579744756222,
      0.027321663685142994,
      0.02752179652452469,
      0.02771116979420185,
      0.027547115460038185,
      0.02745183650404215,
      0.027901730500161648,
      0.027820191346108913,
      0.027605797164142132,
      0.02752747666090727,
      0.02769297920167446,
      0.027452564798295498,
      0.02746896632015705,
      0.02770206891000271,
      0.027395565062761307,
      0.02746911533176899,
      0.027466876432299614,
      0.027654077857732773,
      0.028331557288765907,
      0.02745050471276045,
      0.027558177709579468,
      0.02975411433726549,
      0.027505877427756786,
      0.027603796683251858,
      0.027601618319749832,
      0.027228262275457382,
      0.027462774887681007,
      0.029203868471086025,
      0.027499685995280743,
      0.02733208518475294,
      0.027633007615804672,
      0.027469394728541374,
      0.027622178196907043,
      0.02761093806475401,
      0.027400164864957333,
      0.027765080332756042,
      0.027274643070995808,
      0.027887821197509766,
      0.027650337666273117,
      0.027527366764843464,
      0.027516127564013004,
      0.026490972377359867,
      0.02841720823198557,
      0.027335884049534798,
      0.027445095591247082,
      0.027743459679186344,
      0.02790731191635132,
      0.027730668894946575,
      0.027453755028545856,
      0.02742825634777546,
      0.027377364225685596,
      0.027511896565556526,
      0.02738345507532358,
      0.02232275065034628,
      0.03248474933207035,
      0.027367904782295227,
      0.027322784066200256,
      0.027305183932185173,
      0.027376893907785416,
      0.02745088655501604,
      0.027388354763388634,
      0.027410504408180714,
      0.027455086819827557,
      0.028059842996299267,
      0.027410984970629215,
      0.027769929729402065,
      0.027988691814243793,
      0.02738345507532358,
      0.02749367617070675,
      0.027773220092058182,
      0.027561286464333534,
      0.027235863730311394,
      0.027462025173008442,
      0.02746635675430298,
      0.02722676284611225,
      0.027477135881781578,
      0.027426964603364468,
      0.027462216094136238,
      0.027468346059322357,
      0.0275424774736166,
      0.02729422226548195,
      0.027431996539235115,
      0.02745724469423294,
      0.02751258760690689,
      0.027368434704840183,
      0.027522816322743893,
      0.027309224009513855,
      0.027450725436210632,
      0.027402975596487522,
      0.02758425660431385,
      0.027399814687669277,
      0.02746625617146492,
      0.027626218274235725,
      0.027966251596808434,
      0.02763401810079813,
      0.027566527016460896,
      0.027485285885632038,
      0.027357925660908222,
      0.02771103847771883,
      0.027438124641776085,
      0.027459826320409775,
      0.02805392351001501,
      0.02840420790016651,
      0.02743182424455881,
      0.027960192412137985,
      0.028197254985570908,
      0.0275114169344306,
      0.02774075884371996,
      0.02869844250380993,
      0.027712338604032993,
      0.027964222244918346,
      0.027607386931777,
      0.0276560690253973,
      0.02767773810774088,
