{
  "client_cpu_seconds": 1.7849974199999998,
  "client_peak_rss_bytes": 39645184,
  "completed": 8,
  "error_rate": 0.0,
  "failed": 0,
  "framework": "auto-infer",
  "git_commit": "64a9b40",
  "latency": {
    "e2e": {
      "p50": 12.033253859728575,
      "p95": 12.511347788060085,
      "p99": 12.537092880653217
    },
    "itl": {
      "p50": 0.19013185147196054,
      "p95": 0.19981987345963714,
      "p99": 0.20250759594142437
    },
    "ttft": {
      "p50": 0.20328277302905917,
      "p95": 0.21026537767611445,
      "p99": 0.21171111206524074
    }
  },
  "model": "Qwen2.5-72B-Instruct",
  "output_throughput_tokens_per_second": 5.362817786413081,
  "rejected": 0,
  "rejection_rate": 0.0,
  "request_throughput_per_second": 0.08379402791270439,
  "run_id": "6976a35172cb415685dc5e2443aa51b9",
  "samples": {
    "e2e_seconds": [
      11.161972959525883,
      11.160969465970993,
      12.21734698023647,
      11.93978045322001,
      11.869608290493488,
      12.5435291538015,
      12.45158239454031,
      12.12672726623714
    ],
    "itl_seconds": [
      0.17439542710781097,
      0.17220615781843662,
      0.1775686675682664,
      0.17102764267474413,
      0.17032297514379025,
      0.1732127806171775,
      0.16968938615173101,
      0.17436813563108444,
      0.17910038586705923,
      0.17108370549976826,
      0.1748701622709632,
      0.1744159758090973,
      0.17041717562824488,
      0.1729255886748433,
      0.17951996065676212,
      0.1718058530241251,
      0.1745395790785551,
      0.1711574448272586,
      0.17057054676115513,
      0.1802267311140895,
      0.17320205084979534,
      0.17172550223767757,
      0.17530076764523983,
      0.1700607817620039,
      0.16944309324026108,
      0.1770103294402361,
      0.17103492375463247,
      0.17198380548506975,
      0.17482590209692717,
      0.17511084489524364,
      0.17039499524980783,
      0.17754316609352827,
      0.17096266336739063,
      0.17102845292538404,
      0.17358523607254028,
      0.1704730773344636,
      0.17221614811569452,
      0.17971233371645212,
      0.17202011588960886,
      0.17241150047630072,
      0.17228360008448362,
      0.17257686331868172,
      0.17547748982906342,
      0.1835447922348976,
      0.17462268006056547,
      0.17386292852461338,
      0.1734679350629449,
      0.17397054005414248,
      0.18128769472241402,
      0.17345505487173796,
      0.17360119614750147,
      0.17480055056512356,
      0.17337243258953094,
      0.1767434375360608,
      0.18147241603583097,
      0.17327941209077835,
      0.17353619448840618,
      0.17389165051281452,
      0.17194724455475807,
      0.17255376279354095,
      0.18131650425493717,
      0.17208362743258476,
      0.16774013172835112,
      0.17743382509797812,
      0.17406901251524687,
      0.18056856468319893,
      0.17259107250720263,
      0.17320188228040934,
      0.17292076721787453,
      0.17497050389647484,
      0.17791456077247858,
      0.17210484761744738,
      0.17164682038128376,
      0.1723778611049056,
      0.17228377889841795,
      0.17419301439076662,
      0.18190467171370983,
      0.17299120780080557,
      0.17295547854155302,
      0.17321686074137688,
      0.1726069338619709,
      0.1718685543164611,
      0.1815331168472767,
      0.17292270716279745,
      0.1729786889627576,
      0.1738912295550108,
      0.16963033564388752,
      0.17178703285753727,
      0.1766441948711872,
      0.17060563806444407,
      0.17134456802159548,
      0.17381276935338974,
      0.17231231927871704,
      0.17244888097047806,
      0.1814010851085186,
      0.17335764318704605,
      0.17482725158333778,
      0.17234723083674908,
      0.17306437995284796,
      0.1816297573968768,
      0.17444046679884195,
      0.174162233248353,
      0.17350987531244755,
      0.17413464281708002,
      0.17388830054551363,
      0.17996349651366472,
      0.1730111688375473,
      0.17324518132954836,
      0.17529053799808025,
      0.17420270387083292,
      0.17335116304457188,
      0.1812809631228447,
      0.17254305258393288,
      0.17238170094788074,
      0.17468788009136915,
      0.1702076131477952,
      0.17199207562953234,
      0.1783200167119503,
      0.17132882680743933,
      0.1719499845057726,
      0.17575404420495033,
      0.1721000075340271,
      0.17141122743487358,
      0.176968009211123,
      0.17191495466977358,
      0.17012181226164103,
      0.1762670800089836,
      0.17984430585056543,
      0.17244092095643282,
      0.17249594256281853,
      0.1749166427180171,
      0.17236562073230743,
      0.19344733841717243,
      0.19187191780656576,
      0.19203955121338367,
      0.19202562980353832,
      0.20012701395899057,
      0.19340690691024065,
      0.1935790805146098,
      0.19137931242585182,
      0.19153512455523014,
      0.19667434878647327,
      0.19172717537730932,
      0.19325032643973827,
      0.1905131507664919,
      0.19065089337527752,
      0.19812560826539993,
      0.19039619993418455,
      0.1895635984838009,
      0.19068789295852184,
      0.1919571589678526,
      0.19255067687481642,
      0.20241522323340178,
      0.18974849116057158,
      0.18958845920860767,
      0.18862916808575392,
      0.18936622608453035,
      0.1941682379692793,
      0.18939548637717962,
      0.18886950053274632,
      0.19100874662399292,
      0.19004945550113916,
      0.1976509913802147,
      0.19012337643653154,
      0.19043449964374304,
      0.19001039490103722,
      0.19028723798692226,
      0.197859195061028,
      0.19159004371613264,
      0.19203025102615356,
      0.19383675325661898,
      0.19275328051298857,
      0.19212445057928562,
      0.19934037327766418,
      0.1941774981096387,
      0.19204955082386732,
      0.19180951733142138,
      0.19236401468515396,
      0.20016968343406916,
      0.19106945861130953,
      0.19182945787906647,
      0.19118534866720438,
      0.1922312332317233,
      0.19856645446270704,
      0.19262902718037367,
      0.191071598790586,
      0.19046377949416637,
      0.19017682690173388,
      0.19747064914554358,
      0.19397086557000875,
      0.18717040866613388,
      0.1870895568281412,
      0.19767989311367273,
      0.18778844643384218,
      0.18768002465367317,
      0.19007821567356586,
      0.18980076257139444,
      0.19093252625316381,
      0.20226124953478575,
      0.19085906632244587,
      0.19156850408762693,
      0.19050002098083496,
      0.19210250210016966,
      0.20212804805487394,
      0.1909871669486165,
      0.19055709149688482,
      0.19014939572662115,
      0.19132539257407188,
      0.19658982753753662,
      0.19056304264813662,
      0.1898263916373253,
      0.19014032650738955,
      0.19094365648925304,
      0.19759626127779484,
      0.19032117910683155,
      0.19047601986676455,
      0.1917922981083393,
      0.1909540956839919,
      0.19363359082490206,
      0.19886537734419107,
      0.19041986018419266,
      0.1904658805578947,
      0.19050001073628664,
      0.19028093852102757,
      0.19851789250969887,
      0.19147957302629948,
      0.1924303350970149,
      0.19147672411054373,
      0.19058433175086975,
      0.2010694555938244,
      0.19303560256958008,
      0.18299291469156742,
      0.1721601588651538,
      0.17240367084741592,
      0.17751257587224245,
      0.17191854491829872,
      0.17443225719034672,
      0.1785896886140108,
      0.17304822895675898,
      0.171589651145041,
      0.17466707900166512,
      0.17116528563201427,
      0.17604608740657568,
      0.17963961325585842,
      0.17187631409615278,
      0.1713588172569871,
      0.1747069600969553,
      0.17121125664561987,
      0.17283032555133104,
      0.17970939446240664,
      0.17194053437560797,
      0.16726801544427872,
      0.17811289336532354,
      0.18200463335961103,
      0.17097903322428465,
      0.1664719246327877,
      0.1742517752572894,
      0.16693691071122885,
