{
  "client_cpu_seconds": 0.40837501,
  "client_peak_rss_bytes": 38133760,
  "completed": 8,
  "error_rate": 0.0,
  "failed": 0,
  "framework": "omni-npu",
  "git_commit": "omni-npu-0.2.0-vllm-0.14.0",
  "latency": {
    "e2e": {
      "p50": 2.018223233986646,
      "p95": 2.031382661499083,
      "p99": 2.032704821266234
    },
    "itl": {
      "p50": 0.029346709605306387,
      "p95": 0.03072008057497442,
      "p99": 0.031933908527716985
    },
    "ttft": {
      "p50": 0.16593382554128766,
      "p95": 0.1749145409092307,
      "p99": 0.17623889114707708
    }
  },
  "model": "Qwen2.5-72B-Instruct",
  "output_throughput_tokens_per_second": 31.677750587253072,
  "rejected": 0,
  "rejection_rate": 0.0,
  "request_throughput_per_second": 0.49496485292582926,
  "run_id": "5b09ed387f9f4c2dad350a03d0e2b3f7",
  "samples": {
    "e2e_seconds": [
      2.018237104639411,
      2.0173142617568374,
      2.0128756165504456,
      2.018209363333881,
      2.0068708201870322,
      2.0330353612080216,
      2.0283133620396256,
      2.0273527707904577
    ],
    "itl_seconds": [
      0.030845852568745613,
      0.029097951017320156,
      0.03195504751056433,
      0.026622949168086052,
      0.029289833270013332,
      0.03005217295140028,
      0.028986279852688313,
      0.029330923222005367,
      0.029267373494803905,
      0.029274802654981613,
      0.029289103113114834,
      0.02926767338067293,
      0.02935909479856491,
      0.029310083016753197,
      0.03080474305897951,
      0.02874811552464962,
      0.028366312384605408,
      0.029314393177628517,
      0.029257972724735737,
      0.029346194118261337,
      0.029305433854460716,
      0.029340224340558052,
      0.02932072337716818,
      0.02935844473540783,
      0.029519875533878803,
      0.029470345936715603,
      0.02945672534406185,
      0.029349103569984436,
      0.02937750518321991,
      0.02938192430883646,
      0.029563236981630325,
      0.029295172542333603,
      0.02933618426322937,
      0.02930356375873089,
      0.02932718303054571,
      0.0293605150654912,
      0.029545255936682224,
      0.029306024312973022,
      0.02944827452301979,
      0.03045511804521084,
      0.029149802401661873,
      0.029341953806579113,
      0.029496075585484505,
      0.029480915516614914,
      0.029872571118175983,
      0.02933539357036352,
      0.029610107652843,
      0.029244452714920044,
      0.029312483966350555,
      0.029333223588764668,
      0.02936086431145668,
      0.02972754929214716,
      0.02913491055369377,
      0.029318024404346943,
      0.029364973306655884,
      0.029366414062678814,
      0.029523237608373165,
      0.02928189281374216,
      0.02938323374837637,
      0.029292544350028038,
      0.029335513710975647,
      0.0292930630967021,
      0.030049833469092846,
      0.030971504747867584,
      0.029101421125233173,
      0.029278653673827648,
      0.02964379731565714,
      0.030250185169279575,
      0.028637144714593887,
      0.0303680170327425,
      0.0282905213534832,
      0.03021728526800871,
      0.028846297413110733,
      0.028743675909936428,
      0.030041233636438847,
      0.029694308526813984,
      0.029223262332379818,
      0.029339494183659554,
      0.029634897597134113,
      0.029155271127820015,
      0.02934157382696867,
      0.029249053448438644,
      0.02938082441687584,
      0.029377704486250877,
      0.029572246596217155,
      0.029686338268220425,
      0.02961574774235487,
      0.03067420143634081,
      0.0284322714433074,
      0.02975378930568695,
      0.03194514662027359,
      0.026761392131447792,
      0.029395144432783127,
      0.02932952344417572,
      0.029263283126056194,
      0.029367053881287575,
      0.0293923057615757,
      0.02934577316045761,
      0.029398315586149693,
      0.029286772944033146,
      0.029378874227404594,
      0.029264812357723713,
      0.029383805580437183,
      0.02930588275194168,
      0.029336714185774326,
      0.029264822602272034,
      0.029356365092098713,
      0.029268452897667885,
      0.029326163232326508,
      0.029224973171949387,
      0.030895764008164406,
      0.027693833224475384,
      0.029352213256061077,
      0.029451665468513966,
      0.02930873353034258,
      0.02930003311485052,
      0.029323114082217216,
      0.02932597417384386,
      0.029375224374234676,
      0.029409694485366344,
      0.0293431943282485,
      0.02931323368102312,
      0.02933262288570404,
      0.02938908524811268,
      0.029180321842432022,
      0.0307193910703063,
      0.02981777023524046,
      0.029338443651795387,
      0.029272903688251972,
      0.02942799497395754,
      0.029342543333768845,
      0.029292024672031403,
      0.029271832667291164,
      0.029371404089033604,
      0.029329463839530945,
      0.02930718380957842,
      0.029353594407439232,
      0.029333263635635376,
      0.02936878427863121,
      0.02932050358504057,
      0.02933135349303484,
      0.02933066338300705,
      0.03091429453343153,
      0.027958696708083153,
      0.02936311438679695,
      0.029334633611142635,
      0.029275243170559406,
      0.02933223359286785,
      0.029383404180407524,
      0.02929585427045822,
      0.02934766374528408,
      0.02934823464602232,
      0.029419364407658577,
      0.0293173436075449,
      0.029347363859415054,
      0.029350604861974716,
      0.029469534754753113,
      0.029348733834922314,
      0.029305663891136646,
      0.0293573047965765,
      0.02932384330779314,
      0.02937240432947874,
      0.02939311508089304,
      0.029302222654223442,
      0.030477738939225674,
      0.028299570083618164,
      0.02953208703547716,
      0.02903894055634737,
      0.02935155387967825,
      0.03079237136989832,
      0.02854169439524412,
      0.03015725500881672,
      0.03152156062424183,
      0.028405711986124516,
      0.02915011253207922,
      0.029296782799065113,
      0.02941567450761795,
      0.029601178131997585,
      0.02900510933250189,
      0.029346464201807976,
      0.029399314895272255,
      0.029483365826308727,
      0.029304252937436104,
      0.029548306949436665,
      0.029362973757088184,
      0.029285913333296776,
      0.02942553535103798,
      0.029258063063025475,
      0.029767469502985477,
      0.030820962972939014,
      0.029084639623761177,
      0.029234963469207287,
      0.029222642071545124,
      0.029264623299241066,
      0.029350784607231617,
      0.029312333092093468,
      0.029313583858311176,
      0.029305492527782917,
      0.02921922318637371,
      0.029382034204900265,
      0.029226252809166908,
      0.029317633248865604,
      0.029298413544893265,
      0.029673928394913673,
      0.02929960284382105,
      0.029277783818542957,
      0.029392424039542675,
      0.029270573519170284,
      0.02923549246042967,
      0.029379514046013355,
      0.029273563995957375,
      0.029267823323607445,
      0.029455674812197685,
      0.029265742748975754,
      0.02952304668724537,
      0.02936022449284792,
      0.02924511209130287,
      0.02927832305431366,
      0.029255873523652554,
      0.029258422553539276,
      0.029448876157402992,
      0.029379974119365215,
      0.02929501235485077,
      0.029322043992578983,
      0.02924532350152731,
      0.029387373477220535,
      0.02922443300485611,
      0.029346234165132046,
      0.029314273968338966,
      0.029301783069968224,
      0.029346744529902935,
      0.0292440727353096,
      0.029291543178260326,
      0.029368653893470764,
      0.02928049396723509,
      0.029443184845149517,
      0.029312794096767902,
      0.029364214278757572,
      0.029278852976858616,
      0.029261422343552113,
      0.030078073032200336,
      0.029607238247990608,
      0.029323643073439598,
      0.029388285242021084,
      0.030873114243149757,
      0.027963475324213505,
      0.02934369444847107,
      0.029353873804211617,
      0.02937123365700245,
      0.02934667468070984,
