{
  "client_cpu_seconds": 0.70756928,
  "client_peak_rss_bytes": 39612416,
  "completed": 8,
  "error_rate": 0.0,
  "failed": 0,
  "framework": "vllm-ascend",
  "git_commit": "vllm-ascend-0.20.2rc1",
  "latency": {
    "e2e": {
      "p50": 3.488689190708101,
      "p95": 3.643301862338558,
      "p99": 3.6684663435537366
    },
    "itl": {
      "p50": 0.050833243411034346,
      "p95": 0.05302093364298344,
      "p99": 0.1918006222229446
    },
    "ttft": {
      "p50": 0.2046777089126408,
      "p95": 0.2102393242996186,
      "p99": 0.21237507677637038
    }
  },
  "model": "Qwen2.5-72B-Instruct",
  "output_throughput_tokens_per_second": 18.23007901649628,
  "rejected": 0,
  "rejection_rate": 0.0,
  "request_throughput_per_second": 0.28484498463275437,
  "run_id": "1b385563a642466e9443a2d4e5c4791e",
  "samples": {
    "e2e_seconds": [
      3.489413069561124,
      3.4879653118550777,
      3.4761536717414856,
      3.501331261359155,
      3.426520587876439,
      3.584884316660464,
      3.6747574638575315,
      3.4437679471448064
    ],
    "itl_seconds": [
      0.05074787698686123,
      0.05451083555817604,
      0.0512892734259367,
      0.050802187994122505,
      0.055110073648393154,
      0.0507383169606328,
      0.049414929933846,
      0.04973558336496353,
      0.049621003679931164,
      0.05224491562694311,
      0.05008859932422638,
      0.04965702258050442,
      0.050495194271206856,
      0.05064927600324154,
      0.19228439312428236,
      0.02843479160219431,
      0.028442502953112125,
      0.048843483440577984,
      0.05045255273580551,
      0.05199762340635061,
      0.05090728960931301,
      0.05073660705238581,
      0.0510304095223546,
      0.052344038151204586,
      0.04982843529433012,
      0.04934911988675594,
      0.04962353315204382,
      0.049702842719852924,
      0.05033342260867357,
      0.04902792535722256,
      0.05016061943024397,
      0.050168889574706554,
      0.05091880913823843,
      0.04981063585728407,
      0.05022097006440163,
      0.050564625300467014,
      0.04979287460446358,
      0.05341761093586683,
      0.050016618333756924,
      0.0498181851580739,
      0.049771484918892384,
      0.05315150786191225,
      0.0504711139947176,
      0.050615315325558186,
      0.0500272773206234,
      0.05239305831491947,
      0.05082775931805372,
      0.050348191522061825,
      0.05032750125974417,
      0.05239241849631071,
      0.0510505111888051,
      0.050517394207417965,
      0.05060334503650665,
      0.05044914409518242,
      0.05061733536422253,
      0.05064214579761028,
      0.04881666321307421,
      0.04913381580263376,
      0.049264587461948395,
      0.04919010866433382,
      0.050518074072897434,
      0.04949074052274227,
      0.05010296870023012,
      0.052367258816957474,
      0.17615869641304016,
      0.050144159235060215,
      0.028440953232347965,
      0.028503023087978363,
      0.04574211407452822,
      0.05122043285518885,
      0.05188828147947788,
      0.04976417403668165,
      0.04964957386255264,
      0.05048305355012417,
      0.051334344781935215,
      0.05230263713747263,
      0.05085467919707298,
      0.05112115200608969,
      0.05179367959499359,
      0.051224823109805584,
      0.052034554071724415,
      0.05130915343761444,
      0.05030129291117191,
      0.050059727393090725,
      0.04990726709365845,
      0.05135457497090101,
      0.05026519112288952,
      0.05009770859032869,
      0.05165317840874195,
      0.0521493349224329,
      0.05270511191338301,
      0.05098292138427496,
      0.05078586656600237,
      0.050625826232135296,
      0.050746127031743526,
      0.05222570616751909,
      0.05085258837789297,
      0.05080039706081152,
      0.05102046113461256,
      0.051048421300947666,
      0.05204972345381975,
      0.05133629497140646,
      0.05089217983186245,
      0.05146638583391905,
      0.05245964881032705,
      0.053221289068460464,
      0.05182063113898039,
      0.050444573163986206,
      0.04960113205015659,
      0.049577522091567516,
      0.049193767830729485,
      0.0503512118011713,
      0.04916860722005367,
      0.049201187677681446,
      0.049296798184514046,
      0.04914541635662317,
      0.05046115443110466,
      0.050512343645095825,
      0.0515987379476428,
      0.05016541015356779,
      0.05112007260322571,
      0.05320764798671007,
      0.0514761870726943,
      0.05070306546986103,
      0.050006577745079994,
      0.0503773121163249,
      0.05144950747489929,
      0.049658442847430706,
      0.05005219765007496,
      0.04976507555693388,
      0.05048574320971966,
      0.0497690849006176,
      0.0499828876927495,
      0.050195129588246346,
      0.04954701196402311,
      0.04987781587988138,
      0.0494707515463233,
      0.049424540251493454,
      0.05199562292546034,
      0.05000156722962856,
      0.04954508226364851,
      0.049392309971153736,
      0.05006648786365986,
      0.049512951634824276,
      0.04968622326850891,
      0.04962135385721922,
      0.04970174375921488,
      0.04943116009235382,
      0.049926566891372204,
      0.049832575023174286,
      0.05138998571783304,
      0.05044290330260992,
      0.049696643836796284,
      0.049521070905029774,
      0.04937062971293926,
      0.049420480616390705,
      0.05081254802644253,
      0.04957909230142832,
      0.04933818895369768,
      0.04938836023211479,
      0.04929268825799227,
      0.04950815159827471,
      0.04972899425774813,
      0.05147793609648943,
      0.05081650801002979,
      0.04974742513149977,
      0.051412695087492466,
      0.05138640571385622,
      0.049735063686966896,
      0.050828528590500355,
      0.050138349644839764,
      0.04998680669814348,
      0.05088433902710676,
      0.05053353402763605,
      0.04950865264981985,
      0.05102746095508337,
      0.0510611105710268,
      0.19611030165106058,
      0.028472772799432278,
      0.028583173640072346,
      0.04557187110185623,
      0.0674452306702733,
      0.05092952959239483,
      0.04979304503649473,
      0.049465030431747437,
      0.05084886867552996,
      0.05042427219450474,
      0.04971470404416323,
      0.0497290650382638,
      0.051634468138217926,
      0.04865516070276499,
      0.04885853361338377,
      0.04875766206532717,
      0.049263667315244675,
      0.049307129345834255,
      0.0497406842187047,
      0.04973885416984558,
      0.050161419436335564,
      0.0504464628174901,
      0.04988586716353893,
      0.05096626002341509,
      0.05068645626306534,
      0.04991391580551863,
      0.050762598402798176,
      0.05037279147654772,
      0.050219060853123665,
      0.05119616352021694,
      0.050507454201579094,
      0.05054396390914917,
      0.05049193371087313,
      0.05043946299701929,
      0.050673686899244785,
      0.052505348809063435,
      0.05112795252352953,
      0.05051245354115963,
      0.05057538487017155,
      0.050489384680986404,
      0.05022719036787748,
      0.05494185071438551,
      0.04981085564941168,
      0.04983341507613659,
      0.05005607847124338,
      0.049999337643384933,
      0.05279621388763189,
      0.05050088372081518,
      0.04938626941293478,
      0.04962231311947107,
      0.04946859087795019,
      0.04966546315699816,
      0.05287882499396801,
      0.19646902475506067,
      0.02856847457587719,
      0.02858832385390997,
      0.04645386338233948,
      0.05106566101312637,
      0.05423654243350029,
      0.0522999856621027,
      0.05176198109984398,
      0.0516566876322031,
      0.05232016835361719,
      0.052146694622933865,
      0.05346893146634102,
      0.050975521095097065,
      0.05065425578504801,
      0.05106967128813267,
      0.05031910166144371,
      0.05033926200121641,
      0.05318303778767586,
      0.05113648250699043,
      0.05021519958972931,
      0.05025847069919109,
      0.05081294849514961,
      0.05299626663327217,
      0.05140182562172413,
